strateji,tohum,gun,masa,asci,salon,plan,servis,kizgin,kisi,ciro,memnuniyet,itibar,kasa
pasif,20260910,1,4,1,0,6,5,1,11,54350,8906,3189,836827
pasif,20260910,2,4,1,0,8,8,0,13,65620,8900,3530,881479
pasif,20260910,3,4,1,0,7,4,3,11,77170,9565,3795,935631
pasif,20260910,4,4,1,0,8,8,0,14,61925,8328,4037,978025
pasif,20260910,5,4,1,0,7,6,1,13,60600,7756,4135,1018766
pasif,20260910,6,4,1,0,11,8,3,13,85000,7997,4200,1076609
pasif,20260910,7,4,1,0,10,9,1,15,79150,7592,4382,837427
pasif,20260910,8,4,1,0,8,5,3,12,64440,8091,4497,881236
pasif,20260910,9,4,1,0,6,4,2,11,55800,9546,4690,918973
pasif,20260910,10,4,1,0,8,8,0,16,108800,8094,4976,992926
pasif,20260910,11,4,1,0,10,9,1,15,69250,7453,5025,1039761
pasif,20260910,12,4,1,0,10,7,3,9,51050,7906,4696,1074294
pasif,20260910,13,4,1,0,9,9,0,19,90060,7565,4898,1135904
pasif,20260910,14,4,1,0,10,9,1,18,92370,4269,4401,903623
pasif,20260910,15,4,1,0,7,7,0,15,72750,6892,4507,952979
pasif,20260910,16,4,1,0,6,5,1,12,70750,8619,4556,1000939
pasif,20260910,17,4,1,0,9,7,2,12,71685,8408,4652,1049796
pasif,20260910,18,4,1,0,8,8,0,15,107400,7987,4915,1122126
pasif,20260910,19,4,1,0,6,5,1,15,87890,7914,5174,1183185
pasif,20260910,20,4,1,0,11,8,3,17,108550,7201,5260,1256721
pasif,20260910,21,4,1,0,8,7,1,17,90040,7041,4306,1021726
pasif,20260910,22,4,1,0,7,5,2,10,69375,5312,3764,1069845
pasif,20260910,23,4,1,0,7,5,2,12,68450,9405,3984,1116247
pasif,20260910,24,4,1,0,8,7,1,12,53000,7569,3922,1152116
pasif,20260910,25,4,1,0,6,5,1,13,63030,8497,4125,1195521
pasif,20260910,26,4,1,0,10,9,1,14,81950,4206,3665,1251014
pasif,20260910,27,4,1,0,11,8,3,13,92300,8019,3681,1313166
pasif,20260910,28,4,1,0,7,7,0,17,93100,5980,3697,1076674
pasif,20260910,29,4,1,0,6,5,1,12,83350,8694,3846,1133139
pasif,20260910,30,4,1,0,8,5,3,9,43800,5784,3331,1162913
pasif,20260910,31,4,1,0,8,8,0,13,104300,8150,3486,1234147
pasif,20260910,32,4,1,0,9,8,1,11,78150,8008,3329,1286935
pasif,20260910,33,4,1,0,6,6,0,13,62600,8355,3665,1329307
pasif,20260910,34,4,1,0,7,7,0,17,110160,8958,4011,1403831
pasif,20260910,35,4,1,0,13,10,3,14,76450,6980,3912,1153644
pasif,20260910,36,4,1,0,9,8,1,13,81765,7687,4012,1210160
pasif,20260910,37,4,1,0,6,6,0,14,100330,8305,4204,1278860
pasif,20260910,38,4,1,0,8,7,1,13,84680,8805,4741,1336350
pasif,20260910,39,4,1,0,9,9,0,16,118500,9487,5263,1416190
pasif,20260910,40,4,1,0,9,8,1,15,103600,7758,5429,1486163
pasif,20260910,41,4,1,0,11,9,2,18,100285,7931,5534,1554200
pasif,20260910,42,4,1,0,10,6,4,14,74900,6540,5153,1300512
pasif,20260910,43,4,1,0,7,6,1,15,108170,7312,5257,1374314
pasif,20260910,44,4,1,0,9,8,1,15,76400,8865,5498,1425975
pasif,20260910,45,4,1,0,9,4,5,10,101850,9296,5501,1495247
pasif,20260910,46,4,1,0,6,6,0,17,111700,8481,5753,1571269
pasif,20260910,47,4,1,0,7,7,0,17,102730,7815,6034,1642952
pasif,20260910,48,4,1,0,14,11,3,17,108870,7562,6045,1717411
pasif,20260910,49,4,1,0,10,9,1,20,100200,5284,5771,1478737
pasif,20260910,50,4,1,0,10,8,2,11,97800,6481,5270,1545574
pasif,20260910,51,4,1,0,10,10,0,16,80300,6831,5284,1600119
pasif,20260910,52,4,1,0,8,7,1,15,103700,4415,4726,1670772
pasif,20260910,53,4,1,0,8,8,0,16,85850,5707,4297,1728704
pasif,20260910,54,4,1,0,7,5,2,13,86760,8397,4567,1788884
pasif,20260910,55,4,1,0,10,6,4,13,115985,8829,4213,1868995
pasif,20260910,56,4,1,0,8,4,4,10,79500,6636,3803,1614185
pasif,20260910,57,4,1,0,7,6,1,12,64000,6018,3602,1657564
pasif,20260910,58,4,1,0,5,5,0,14,88150,5417,3593,1717136
pasif,20260910,59,4,1,0,6,4,2,12,81550,9871,3990,1772655
pasif,20260910,60,4,1,0,7,7,0,14,91500,7642,4104,1834729
pasif,20268829,1,4,1,0,8,7,1,12,64950,7850,3083,844175
pasif,20268829,2,4,1,0,4,4,0,13,81975,8905,3444,901319
pasif,20268829,3,4,1,0,3,3,0,14,77120,7695,3662,954923
pasif,20268829,4,4,1,0,7,6,1,13,78700,8291,3970,1008371
pasif,20268829,5,4,1,0,6,6,0,14,90040,7508,4117,1070185
pasif,20268829,6,4,1,0,9,6,3,13,65990,7771,4062,1115698
pasif,20268829,7,4,1,0,8,6,2,14,80750,7703,3888,877364
pasif,20268829,8,4,1,0,7,7,0,14,62960,8079,4090,920411
pasif,20268829,9,4,1,0,9,9,0,15,82250,8561,4455,976156
pasif,20268829,10,4,1,0,9,8,1,14,74300,6680,4530,1026598
pasif,20268829,11,4,1,0,7,6,1,13,75575,7973,4669,1078390
pasif,20268829,12,4,1,0,9,8,1,14,60015,8586,4877,1119327
pasif,20268829,13,4,1,0,11,11,0,20,118100,5596,4658,1199422
pasif,20268829,14,4,1,0,11,6,5,14,63605,5232,4052,947380
pasif,20268829,15,4,1,0,3,2,1,7,49350,9892,3511,980943
pasif,20268829,16,4,1,0,9,9,0,14,87785,6957,3565,1040648
pasif,20268829,17,4,1,0,7,6,1,13,68740,9329,3790,1088251
pasif,20268829,18,4,1,0,10,10,0,14,103750,7458,3641,1158838
pasif,20268829,19,4,1,0,7,7,0,14,69100,8938,3915,1205578
pasif,20268829,20,4,1,0,8,8,0,18,116300,7391,4068,1284018
pasif,20268829,21,4,1,0,8,7,1,17,105900,5946,4082,1058376
pasif,20268829,22,4,1,0,6,3,3,10,50250,7923,3430,1092608
pasif,20268829,23,4,1,0,9,9,0,13,76945,7380,3534,1145124
pasif,20268829,24,4,1,0,8,5,3,10,69950,9566,3615,1192670
pasif,20268829,25,4,1,0,8,8,0,14,84800,6824,3655,1250062
pasif,20268829,26,4,1,0,9,7,2,12,81600,6646,3595,1305281
pasif,20268829,27,4,1,0,8,6,2,11,58250,6750,3170,1344578
pasif,20268829,28,4,1,0,10,8,2,14,67650,6332,3173,1090746
pasif,20268829,29,4,1,0,7,6,1,11,54950,8867,3467,1127947
pasif,20268829,30,4,1,0,8,8,0,14,92750,8751,3715,1191001
pasif,20268829,31,4,1,0,7,6,1,13,88150,5632,3597,1251163
pasif,20268829,32,4,1,0,8,7,1,13,91170,8786,3796,1313658
pasif,20268829,33,4,1,0,6,5,1,13,66700,5216,3548,1358979
pasif,20268829,34,4,1,0,7,5,2,15,77850,8601,3933,1411478
pasif,20268829,35,4,1,0,9,8,1,15,97910,7077,3959,1176301
pasif,20268829,36,4,1,0,6,6,0,14,121910,7382,4137,1260088
pasif,20268829,37,4,1,0,10,7,3,12,75050,4998,3946,1310981
pasif,20268829,38,4,1,0,8,7,1,13,94150,9600,4211,1375017
pasif,20268829,39,4,1,0,9,8,1,13,74650,5553,3907,1425655
pasif,20268829,40,4,1,0,8,8,0,14,75950,8614,4346,1476782
pasif,20268829,41,4,1,0,10,7,3,14,55140,7553,3490,1514496
pasif,20268829,42,4,1,0,13,11,2,14,79050,6986,2572,1263560
pasif,20268829,43,4,1,0,8,8,0,12,83300,6748,2651,1320245
pasif,20268829,44,4,1,0,5,5,0,12,72200,5669,2530,1369410
pasif,20268829,45,4,1,0,4,3,1,8,27600,9893,2570,1387981
pasif,20268829,46,4,1,0,6,6,0,12,73685,9366,3050,1438153
pasif,20268829,47,4,1,0,8,6,2,11,83550,8523,3260,1495129
pasif,20268829,48,4,1,0,10,8,2,13,94995,8695,2844,1560575
pasif,20268829,49,4,1,0,5,4,1,14,91910,8961,3293,1316568
pasif,20268829,50,4,1,0,8,8,0,13,92500,7986,3535,1378902
pasif,20268829,51,4,1,0,7,7,0,14,94000,8847,3829,1442572
pasif,20268829,52,4,1,0,5,4,1,10,63220,9324,3838,1485943
pasif,20268829,53,4,1,0,5,3,2,11,101100,7901,3929,1555380
pasif,20268829,54,4,1,0,9,9,0,14,86500,8091,4251,1614411
pasif,20268829,55,4,1,0,11,8,3,14,87955,6673,4167,1674103
pasif,20268829,56,4,1,0,8,6,2,12,59900,6433,3792,1405414
pasif,20268829,57,4,1,0,6,6,0,14,89410,7117,3824,1466534
pasif,20268829,58,4,1,0,10,10,0,14,89590,7225,3901,1527856
pasif,20268829,59,4,1,0,6,5,1,12,77250,7807,4233,1580432
pasif,20268829,60,4,1,0,8,6,2,11,58265,7660,4276,1620329
pasif,20276748,1,4,1,0,7,7,0,13,57750,8218,3161,839006
pasif,20276748,2,4,1,0,7,6,1,11,39600,8413,3344,865805
pasif,20276748,3,4,1,0,7,6,1,10,59150,8137,3347,905902
pasif,20276748,4,4,1,0,6,6,0,13,81100,9165,3613,960828
pasif,20276748,5,4,1,0,6,5,1,13,69255,9789,3960,1008189
pasif,20276748,6,4,1,0,8,7,1,15,79600,8861,4180,1062042
pasif,20276748,7,4,1,0,10,10,0,18,94060,7589,4410,832976
pasif,20276748,8,4,1,0,7,6,1,14,63450,9006,4711,875722
pasif,20276748,9,4,1,0,9,9,0,16,80990,7011,4749,931005
pasif,20276748,10,4,1,0,9,8,1,15,65760,6530,4869,975630
pasif,20276748,11,4,1,0,8,7,1,14,68750,7793,4952,1022115
pasif,20276748,12,4,1,0,8,5,3,12,61750,4703,4558,1063745
pasif,20276748,13,4,1,0,8,5,3,14,80915,8063,4510,1120476
pasif,20276748,14,4,1,0,8,7,1,17,94050,6929,4592,889216
pasif,20276748,15,4,1,0,7,6,1,14,82700,8999,5016,945452
pasif,20276748,16,4,1,0,6,5,1,12,69195,7168,4710,993639
pasif,20276748,17,4,1,0,8,6,2,11,60800,8316,4634,1035013
pasif,20276748,18,4,1,0,8,6,2,13,92150,8007,4782,1097696
pasif,20276748,19,4,1,0,7,7,0,16,82660,7291,4952,1153879
pasif,20276748,20,4,1,0,13,12,1,19,106150,7096,5098,1225707
pasif,20276748,21,4,1,0,10,9,1,18,108380,7615,5177,1001819
pasif,20276748,22,4,1,0,8,6,2,14,82000,8078,5305,1057444
pasif,20276748,23,4,1,0,7,7,0,16,90075,8547,5510,1118957
pasif,20276748,24,4,1,0,10,6,4,12,67150,6826,5184,1164305
pasif,20276748,25,4,1,0,8,6,2,11,65740,8581,5122,1208950
pasif,20276748,26,4,1,0,8,8,0,16,106325,8879,5365,1281477
pasif,20276748,27,4,1,0,11,8,3,15,77850,5041,4849,1334120
pasif,20276748,28,4,1,0,11,9,2,16,110490,6198,4206,1110122
pasif,20276748,29,4,1,0,6,6,0,15,90200,8631,4507,1172304
pasif,20276748,30,4,1,0,10,9,1,14,86770,7522,4505,1231652
pasif,20276748,31,4,1,0,9,9,0,15,124600,8458,4714,1316708
pasif,20276748,32,4,1,0,6,3,3,9,113500,7912,4409,1394200
pasif,20276748,33,4,1,0,9,8,1,14,96750,7396,4521,1459608
pasif,20276748,34,4,1,0,9,9,0,19,146900,5612,4485,1560874
pasif,20276748,35,4,1,0,11,11,0,19,97800,4983,4077,1325358
pasif,20276748,36,4,1,0,10,8,2,11,68590,7891,3179,1372364
pasif,20276748,37,4,1,0,7,6,1,12,71750,5799,3071,1421211
pasif,20276748,38,4,1,0,6,6,0,13,112850,9331,3537,1499812
pasif,20276748,39,4,1,0,8,7,1,13,89700,7506,4041,1561037
pasif,20276748,40,4,1,0,7,6,1,13,75850,3636,3607,1612387
pasif,20276748,41,4,1,0,8,6,2,13,115450,7571,3652,1691275
pasif,20276748,42,4,1,0,10,8,2,15,99500,6957,3664,1454556
pasif,20276748,43,4,1,0,5,4,1,12,56600,5654,3526,1492938
pasif,20276748,44,4,1,0,8,8,0,14,95400,4422,3163,1557920
pasif,20276748,45,4,1,0,6,6,0,13,91850,6267,3228,1620245
pasif,20276748,46,4,1,0,5,5,0,13,106735,7623,3421,1693335
pasif,20276748,47,4,1,0,8,8,0,13,107550,9397,3810,1766360
pasif,20276748,48,4,1,0,8,6,2,15,133300,5743,2998,1856828
pasif,20276748,49,4,1,0,8,5,3,13,71000,7275,3048,1598252
pasif,20276748,50,4,1,0,9,6,3,9,55400,5852,2772,1635841
pasif,20276748,51,4,1,0,6,6,0,12,79430,7294,2880,1690272
pasif,20276748,52,4,1,0,5,5,0,13,62510,8168,3114,1732767
pasif,20276748,53,4,1,0,8,7,1,12,69850,8739,3361,1780182
pasif,20276748,54,4,1,0,8,6,2,10,67070,6463,3349,1826465
pasif,20276748,55,4,1,0,11,11,0,17,98900,9093,3686,1893471
pasif,20276748,56,4,1,0,8,6,2,15,111930,8405,3893,1660217
pasif,20276748,57,4,1,0,7,7,0,14,62850,8777,4261,1702756
pasif,20276748,58,4,1,0,5,4,1,14,117900,8032,4412,1783412
pasif,20276748,59,4,1,0,7,7,0,15,90000,8299,4861,1844054
pasif,20276748,60,4,1,0,8,6,2,11,75350,3364,3956,1895058
pasif,20284667,1,4,1,0,6,6,0,13,82050,9243,3344,855800
pasif,20284667,2,4,1,0,4,4,0,13,75000,9820,3771,906777
pasif,20284667,3,4,1,0,4,3,1,11,78450,9890,4128,960205
pasif,20284667,4,4,1,0,7,5,2,13,84275,8111,4005,1018369
pasif,20284667,5,4,1,0,7,5,2,12,57005,9871,4258,1056892
pasif,20284667,6,4,1,0,12,9,3,15,73550,6628,4231,1106504
pasif,20284667,7,4,1,0,6,4,2,13,87780,8940,4265,875736
pasif,20284667,8,4,1,0,7,6,1,14,72200,3314,3801,924722
pasif,20284667,9,4,1,0,5,4,1,13,64750,7947,3967,968250
pasif,20284667,10,4,1,0,9,9,0,14,75035,6333,4015,1019146
pasif,20284667,11,4,1,0,5,4,1,13,61600,6820,3817,1061019
pasif,20284667,12,4,1,0,10,9,1,12,64800,8357,3890,1105089
pasif,20284667,13,4,1,0,6,5,1,17,97950,8633,4345,1171672
pasif,20284667,14,4,1,0,9,6,3,14,85800,8221,4360,934530
pasif,20284667,15,4,1,0,7,4,3,9,47540,6701,4087,966886
pasif,20284667,16,4,1,0,5,3,2,11,55850,9682,4387,1004910
pasif,20284667,17,4,1,0,5,3,2,12,94180,9895,4676,1069186
pasif,20284667,18,4,1,0,7,6,1,12,77300,3514,3818,1121535
pasif,20284667,19,4,1,0,6,5,1,13,79450,7276,3857,1175204
pasif,20284667,20,4,1,0,9,8,1,16,98360,6575,3851,1242515
pasif,20284667,21,4,1,0,7,6,1,14,79485,5646,3191,999243
pasif,20284667,22,4,1,0,6,5,1,12,61300,9243,3583,1040940
pasif,20284667,23,4,1,0,7,6,1,12,56580,8101,3664,1079488
pasif,20284667,24,4,1,0,5,5,0,14,77050,5696,3604,1131723
pasif,20284667,25,4,1,0,9,6,3,11,72685,7251,3622,1181174
pasif,20284667,26,4,1,0,7,7,0,14,77670,7770,3784,1234198
pasif,20284667,27,4,1,0,11,8,3,14,79800,4897,3372,1288137
pasif,20284667,28,4,1,0,10,7,3,14,65600,7760,3495,1032703
pasif,20284667,29,4,1,0,10,10,0,14,79750,7583,3617,1086940
pasif,20284667,30,4,1,0,8,8,0,14,71640,8087,3889,1135561
pasif,20284667,31,4,1,0,8,7,1,11,77000,5663,3521,1187875
pasif,20284667,32,4,1,0,7,7,0,14,80950,8813,3818,1242896
pasif,20284667,33,4,1,0,4,3,1,13,65560,8902,4212,1288655
pasif,20284667,34,4,1,0,8,7,1,16,121970,7081,4272,1371693
pasif,20284667,35,4,1,0,10,9,1,17,147945,3810,4260,1171697
pasif,20284667,36,4,1,0,8,7,1,14,82980,9073,4498,1228885
pasif,20284667,37,4,1,0,7,7,0,15,67025,8594,4801,1274397
pasif,20284667,38,4,1,0,9,8,1,13,80000,7370,4682,1329058
pasif,20284667,39,4,1,0,7,6,1,13,71570,8100,4536,1377342
pasif,20284667,40,4,1,0,8,6,2,13,81250,7699,4708,1432118
pasif,20284667,41,4,1,0,8,6,2,17,106860,7444,4761,1505250
pasif,20284667,42,4,1,0,12,11,1,19,99085,7219,4847,1268265
pasif,20284667,43,4,1,0,9,7,2,13,82165,8304,5017,1324942
pasif,20284667,44,4,1,0,7,6,1,13,77550,7513,5033,1377445
pasif,20284667,45,4,1,0,7,7,0,16,74750,8300,5261,1428036
pasif,20284667,46,4,1,0,7,7,0,16,85860,8768,5794,1486715
pasif,20284667,47,4,1,0,7,6,1,16,90200,6079,5649,1547816
pasif,20284667,48,4,1,0,10,7,3,16,94050,7886,5706,1611863
pasif,20284667,49,4,1,0,9,4,5,10,55750,6322,4915,1342935
pasif,20284667,50,4,1,0,4,3,1,13,76950,5064,4569,1395002
pasif,20284667,51,4,1,0,8,8,0,15,91000,6575,4601,1456359
pasif,20284667,52,4,1,0,5,5,0,15,80510,8085,4947,1511728
pasif,20284667,53,4,1,0,9,7,2,13,60150,8900,5141,1552368
pasif,20284667,54,4,1,0,10,9,1,14,70090,8101,5196,1599980
pasif,20284667,55,4,1,0,9,8,1,18,106450,5191,4536,1672055
pasif,20284667,56,4,1,0,8,6,2,13,99000,6868,4390,1431476
pasif,20284667,57,4,1,0,7,6,1,13,93050,7720,4498,1494615
pasif,20284667,58,4,1,0,7,6,1,14,101200,3113,3933,1563908
pasif,20284667,59,4,1,0,6,6,0,14,89050,8717,4185,1624390
pasif,20284667,60,4,1,0,4,3,1,13,67000,8944,4426,1670101
pasif,20292586,1,4,1,0,6,6,0,13,54800,9495,3480,837890
pasif,20292586,2,4,1,0,9,9,0,14,74850,7103,3480,888722
pasif,20292586,3,4,1,0,8,8,0,14,71455,9118,3823,937326
pasif,20292586,4,4,1,0,8,8,0,14,98140,7254,3943,1005257
pasif,20292586,5,4,1,0,6,5,1,12,60440,8671,4097,1046474
pasif,20292586,6,4,1,0,11,10,1,17,77010,7620,4423,1098930
pasif,20292586,7,4,1,0,7,5,2,16,69200,5740,4262,852688
pasif,20292586,8,4,1,0,9,9,0,15,69600,6751,4392,899700
pasif,20292586,9,4,1,0,9,9,0,15,76650,6643,4502,951668
pasif,20292586,10,4,1,0,10,10,0,15,83350,6025,4439,1008047
pasif,20292586,11,4,1,0,7,6,1,13,68800,5720,4237,1054713
pasif,20292586,12,4,1,0,7,7,0,15,62300,7519,4390,1096652
pasif,20292586,13,4,1,0,11,10,1,18,104410,7556,4550,1167551
pasif,20292586,14,4,1,0,8,6,2,16,96595,7912,4628,937940
pasif,20292586,15,4,1,0,6,5,1,13,72580,6878,4962,987522
pasif,20292586,16,4,1,0,9,7,2,11,58295,8606,4992,1027027
pasif,20292586,17,4,1,0,6,6,0,16,64915,8834,5316,1070932
pasif,20292586,18,4,1,0,9,9,0,17,113450,4936,4839,1147677
pasif,20292586,19,4,1,0,5,4,1,11,57000,5686,4312,1186163
pasif,20292586,20,4,1,0,10,9,1,18,118450,4747,4067,1266515
pasif,20292586,21,4,1,0,8,7,1,16,102250,6142,3859,1038342
pasif,20292586,22,4,1,0,7,7,0,14,75970,8996,4232,1090232
pasif,20292586,23,4,1,0,9,9,0,15,77640,7683,4412,1143058
pasif,20292586,24,4,1,0,9,8,1,14,87800,6264,4398,1202510
pasif,20292586,25,4,1,0,7,7,0,15,108245,7064,4490,1276615
pasif,20292586,26,4,1,0,7,6,1,10,66650,6273,4110,1322189
pasif,20292586,27,4,1,0,7,5,2,15,121410,3520,2023,1405547
pasif,20292586,28,4,1,0,8,8,0,14,68450,5508,1866,1152307
pasif,20292586,29,4,1,0,4,3,1,6,42790,7280,1540,1182333
pasif,20292586,30,4,1,0,5,5,0,10,46910,9621,1908,1214575
pasif,20292586,31,4,1,0,6,6,0,11,85320,9384,2283,1272686
pasif,20292586,32,4,1,0,4,4,0,12,71300,9248,2639,1320571
pasif,20292586,33,4,1,0,6,6,0,12,78200,5192,2696,1374597
pasif,20292586,34,4,1,0,6,4,2,11,63150,7898,2675,1418436
pasif,20292586,35,4,1,0,6,6,0,15,72100,7162,2812,1165457
pasif,20292586,36,4,1,0,6,6,0,12,52505,8872,3085,1200968
pasif,20292586,37,4,1,0,5,5,0,13,89700,7969,3451,1261626
pasif,20292586,38,4,1,0,7,6,1,11,56900,8602,3454,1300202
pasif,20292586,39,4,1,0,6,6,0,14,77190,7558,3497,1352948
pasif,20292586,40,4,1,0,7,6,1,13,51650,6675,3647,1387855
pasif,20292586,41,4,1,0,9,8,1,12,64700,5778,3167,1431677
pasif,20292586,42,4,1,0,6,5,1,14,88700,8050,3453,1188137
pasif,20292586,43,4,1,0,6,6,0,14,71390,8390,3712,1237714
pasif,20292586,44,4,1,0,6,5,1,13,75430,9351,4069,1289401
pasif,20292586,45,4,1,0,9,7,2,12,69400,7550,4115,1336645
pasif,20292586,46,4,1,0,9,4,5,8,46450,7432,4006,1368174
pasif,20292586,47,4,1,0,6,5,1,13,88165,8218,4200,1428572
pasif,20292586,48,4,1,0,10,9,1,17,93415,6549,4170,1492300
pasif,20292586,49,4,1,0,8,8,0,18,114750,7390,4261,1263272
pasif,20292586,50,4,1,0,7,5,2,12,85325,9163,4465,1322841
pasif,20292586,51,4,1,0,9,8,1,14,91665,7708,4590,1385268
pasif,20292586,52,4,1,0,10,9,1,14,71500,7088,4609,1433710
pasif,20292586,53,4,1,0,7,6,1,14,83250,3551,4012,1490223
pasif,20292586,54,4,1,0,6,5,1,13,92080,8834,4542,1553805
pasif,20292586,55,4,1,0,13,11,2,17,88400,6173,4273,1613462
pasif,20292586,56,4,1,0,10,9,1,18,89990,7598,4489,1365476
pasif,20292586,57,4,1,0,7,6,1,13,75300,5072,4268,1416285
pasif,20292586,58,4,1,0,10,9,1,14,85450,7595,4334,1474092
pasif,20292586,59,4,1,0,5,4,1,12,49530,9884,4651,1508100
pasif,20292586,60,4,1,0,5,4,1,9,61560,4951,3855,1550559
pasif,20300505,1,4,1,0,5,5,0,13,54850,5144,2840,836891
pasif,20300505,2,4,1,0,6,5,1,12,55000,4138,2527,874100
pasif,20300505,3,4,1,0,7,6,1,11,62500,7336,2585,916294
pasif,20300505,4,4,1,0,7,6,1,11,58080,7383,2714,956066
pasif,20300505,5,4,1,0,7,6,1,10,52650,8761,2815,991820
pasif,20300505,6,4,1,0,8,8,0,16,77450,7732,2899,1043972
pasif,20300505,7,4,1,0,10,8,2,12,89700,5241,2406,811862
pasif,20300505,8,4,1,0,8,7,1,9,45600,9019,2341,842692
pasif,20300505,9,4,1,0,7,7,0,12,58450,7888,2988,882260
pasif,20300505,10,4,1,0,6,4,2,10,46600,6576,2699,913708
pasif,20300505,11,4,1,0,6,4,2,8,41900,9837,2952,942235
pasif,20300505,12,4,1,0,5,4,1,12,46515,8842,3186,974292
pasif,20300505,13,4,1,0,7,5,2,13,68350,6644,3347,1022019
pasif,20300505,14,4,1,0,7,6,1,13,76005,6436,3155,778814
pasif,20300505,15,4,1,0,5,4,1,12,83000,6663,3182,835104
pasif,20300505,16,4,1,0,5,5,0,13,61600,9773,3807,877489
pasif,20300505,17,4,1,0,9,7,2,12,75800,7435,3665,928632
pasif,20300505,18,4,1,0,6,4,2,12,70700,8835,3847,976930
pasif,20300505,19,4,1,0,9,8,1,13,91250,8940,4073,1038922
pasif,20300505,20,4,1,0,11,11,0,18,95700,7126,3478,1103615
pasif,20300505,21,4,1,0,8,7,1,15,88350,5972,3462,866721
pasif,20300505,22,4,1,0,4,4,0,14,67000,8487,3790,911928
pasif,20300505,23,4,1,0,8,8,0,14,83450,8369,4024,968467
pasif,20300505,24,4,1,0,7,6,1,13,58700,8281,4222,1007864
pasif,20300505,25,4,1,0,7,7,0,15,66200,8150,4299,1052594
pasif,20300505,26,4,1,0,7,5,2,12,64385,6869,4259,1097209
pasif,20300505,27,4,1,0,10,9,1,16,104705,8198,4293,1169003
pasif,20300505,28,4,1,0,11,9,2,15,94940,5513,3904,933924
pasif,20300505,29,4,1,0,9,9,0,14,82210,7972,4076,990120
pasif,20300505,30,4,1,0,8,6,2,12,72000,7931,4458,1039047
pasif,20300505,31,4,1,0,10,10,0,15,97500,6676,4479,1105004
pasif,20300505,32,4,1,0,10,9,1,14,93950,6651,4499,1168810
pasif,20300505,33,4,1,0,7,4,3,9,61800,7636,4215,1210538
pasif,20300505,34,4,1,0,9,8,1,17,101470,7977,4500,1280740
pasif,20300505,35,4,1,0,9,7,2,15,72620,7090,4331,1029208
pasif,20300505,36,4,1,0,7,5,2,12,84260,8210,4372,1086650
pasif,20300505,37,4,1,0,6,6,0,15,78600,7454,4570,1140533
pasif,20300505,38,4,1,0,10,9,1,14,89000,6725,4450,1200942
pasif,20300505,39,4,1,0,6,6,0,15,85350,8440,4739,1258769
pasif,20300505,40,4,1,0,8,7,1,15,87920,6122,4700,1319065
pasif,20300505,41,4,1,0,7,6,1,13,75600,7316,4344,1370638
pasif,20300505,42,4,1,0,10,7,3,13,76750,6787,4017,1118274
pasif,20300505,43,4,1,0,6,4,2,9,48550,8753,4112,1151366
pasif,20300505,44,4,1,0,10,9,1,13,78670,9098,4548,1205793
pasif,20300505,45,4,1,0,5,4,1,12,70105,3537,3915,1253681
pasif,20300505,46,4,1,0,7,7,0,14,102440,6038,3953,1324368
pasif,20300505,47,4,1,0,7,6,1,13,75400,4412,3586,1375663
pasif,20300505,48,4,1,0,8,5,3,11,57450,8341,2740,1414353
pasif,20300505,49,4,1,0,7,6,1,13,54700,8108,2878,1144335
pasif,20300505,50,4,1,0,8,5,3,9,60510,5561,2760,1186191
pasif,20300505,51,4,1,0,7,7,0,12,87400,8388,2973,1245950
pasif,20300505,52,4,1,0,7,7,0,13,105850,8761,3281,1317614
pasif,20300505,53,4,1,0,4,3,1,11,44650,9299,3544,1347582
pasif,20300505,54,4,1,0,7,7,0,14,100200,6907,3661,1415781
pasif,20300505,55,4,1,0,7,6,1,14,104550,7082,3579,1486719
pasif,20300505,56,4,1,0,11,9,2,14,86500,5505,3215,1236492
pasif,20300505,57,4,1,0,7,6,1,11,90105,6624,3329,1298453
pasif,20300505,58,4,1,0,11,10,1,12,79335,7001,3338,1352789
pasif,20300505,59,4,1,0,7,6,1,12,67650,6792,3348,1398718
pasif,20300505,60,4,1,0,8,7,1,11,84130,7882,3385,1457068
pasif,20308424,1,4,1,0,7,7,0,13,75900,9333,3462,851558
pasif,20308424,2,4,1,0,8,7,1,13,73900,9152,3701,901920
pasif,20308424,3,4,1,0,6,6,0,14,74630,9501,4319,952380
pasif,20308424,4,4,1,0,11,10,1,14,59750,8409,4481,992719
pasif,20308424,5,4,1,0,9,9,0,15,97100,6080,4342,1059358
pasif,20308424,6,4,1,0,5,4,1,18,76700,7586,4584,1110946
pasif,20308424,7,4,1,0,11,9,2,17,94150,8010,4677,881658
pasif,20308424,8,4,1,0,9,8,1,14,66470,6728,4444,926877
pasif,20308424,9,4,1,0,7,6,1,14,69600,7748,4472,974076
pasif,20308424,10,4,1,0,5,5,0,15,76800,9812,4991,1025928
pasif,20308424,11,4,1,0,7,6,1,14,81850,8773,5132,1081355
pasif,20308424,12,4,1,0,6,6,0,16,79750,5640,5134,1135292
pasif,20308424,13,4,1,0,8,7,1,18,101220,6394,5030,1204354
pasif,20308424,14,4,1,0,10,9,1,16,79550,7049,4551,962996
pasif,20308424,15,4,1,0,7,7,0,15,85100,6221,4553,1020629
pasif,20308424,16,4,1,0,8,8,0,15,78085,8599,4844,1073624
pasif,20308424,17,4,1,0,7,5,2,13,78600,8680,4968,1127130
pasif,20308424,18,4,1,0,9,7,2,13,84950,6527,4966,1184857
pasif,20308424,19,4,1,0,8,6,2,12,74600,6451,4698,1235551
pasif,20308424,20,4,1,0,11,11,0,19,97560,6501,4592,1301782
pasif,20308424,21,4,1,0,10,9,1,16,98800,3901,3984,1071246
pasif,20308424,22,4,1,0,9,8,1,13,71050,7104,4067,1118899
pasif,20308424,23,4,1,0,9,8,1,14,77380,5330,3834,1171545
pasif,20308424,24,4,1,0,9,9,0,14,83350,6825,4036,1227630
pasif,20308424,25,4,1,0,8,8,0,14,81350,5910,3994,1282425
pasif,20308424,26,4,1,0,6,5,1,13,65950,6397,4000,1327009
pasif,20308424,27,4,1,0,8,6,2,15,97830,5640,3886,1394039
pasif,20308424,28,4,1,0,12,10,2,15,81600,6192,3779,1149699
pasif,20308424,29,4,1,0,4,3,1,13,62900,9909,4282,1192086
pasif,20308424,30,4,1,0,8,6,2,13,94750,5473,3941,1256571
pasif,20308424,31,4,1,0,5,5,0,14,70750,7618,4142,1304475
pasif,20308424,32,4,1,0,6,6,0,15,83950,8699,4437,1361138
pasif,20308424,33,4,1,0,7,7,0,15,87400,5177,4350,1420232
pasif,20308424,34,4,1,0,9,6,3,14,90250,6734,3895,1481435
pasif,20308424,35,4,1,0,7,7,0,18,123760,7585,4043,1263487
pasif,20308424,36,4,1,0,5,3,2,11,61800,9898,4399,1305487
pasif,20308424,37,4,1,0,9,8,1,14,96360,8123,4556,1371630
pasif,20308424,38,4,1,0,4,4,0,15,74550,7325,4772,1422196
pasif,20308424,39,4,1,0,7,6,1,15,101465,7384,4868,1492742
pasif,20308424,40,4,1,0,6,6,0,16,89700,7331,5206,1553163
pasif,20308424,41,4,1,0,14,12,2,17,106330,7045,5076,1625859
pasif,20308424,42,4,1,0,9,7,2,16,89950,5159,4618,1382209
pasif,20308424,43,4,1,0,9,8,1,14,68950,6762,4579,1428698
pasif,20308424,44,4,1,0,6,5,1,14,75000,6901,4634,1480371
pasif,20308424,45,4,1,0,10,8,2,11,59700,7533,4570,1520739
pasif,20308424,46,4,1,0,7,6,1,13,74650,7498,4664,1571214
pasif,20308424,47,4,1,0,10,10,0,15,98190,8855,4896,1638781
pasif,20308424,48,4,1,0,10,8,2,18,120660,5703,4702,1720886
pasif,20308424,49,4,1,0,8,6,2,15,81000,1627,3663,1469412
pasif,20308424,50,4,1,0,4,2,2,7,71300,9420,3359,1518396
pasif,20308424,51,4,1,0,6,6,0,13,74450,5270,3263,1569374
pasif,20308424,52,4,1,0,9,8,1,12,69000,9680,3718,1616228
pasif,20308424,53,4,1,0,5,3,2,9,52680,5994,3322,1652579
pasif,20308424,54,4,1,0,9,9,0,13,70770,6718,3433,1701323
pasif,20308424,55,4,1,0,6,5,1,16,80750,7415,3606,1756130
pasif,20308424,56,4,1,0,7,7,0,17,90450,4563,3425,1508101
pasif,20308424,57,4,1,0,4,4,0,13,62050,4702,3176,1550060
pasif,20308424,58,4,1,0,6,6,0,13,72350,7860,3398,1598895
pasif,20308424,59,4,1,0,4,4,0,13,77050,7274,3665,1651126
pasif,20308424,60,4,1,0,8,5,3,7,47200,5566,3014,1683161
pasif,20316343,1,4,1,0,8,6,2,10,43850,8371,3089,829703
pasif,20316343,2,4,1,0,7,5,2,11,59400,9632,3349,869974
pasif,20316343,3,4,1,0,6,4,2,9,40495,9844,3353,897579
pasif,20316343,4,4,1,0,6,6,0,13,74320,8024,3587,948025
pasif,20316343,5,4,1,0,8,8,0,14,67500,8441,3775,994028
pasif,20316343,6,4,1,0,9,7,2,14,73675,6303,3564,1044416
pasif,20316343,7,4,1,0,7,7,0,17,86905,9298,4119,810540
pasif,20316343,8,4,1,0,8,6,2,12,65050,7996,4145,854670
pasif,20316343,9,4,1,0,8,8,0,15,66750,7829,4293,899719
pasif,20316343,10,4,1,0,5,4,1,14,65310,9413,4742,944986
pasif,20316343,11,4,1,0,8,8,0,16,92460,7814,4918,1008015
pasif,20316343,12,4,1,0,11,9,2,13,60050,8925,5158,1048664
pasif,20316343,13,4,1,0,12,10,2,16,82160,6578,4894,1104616
pasif,20316343,14,4,1,0,13,9,4,15,80800,7855,4869,864340
pasif,20316343,15,4,1,0,9,9,0,16,89590,8062,5057,926259
pasif,20316343,16,4,1,0,7,5,2,13,62200,8347,5169,968125
pasif,20316343,17,4,1,0,10,9,1,15,113200,6460,5184,1044573
pasif,20316343,18,4,1,0,10,7,3,11,89430,4826,4726,1105825
pasif,20316343,19,4,1,0,7,4,3,10,79050,8511,4608,1159445
pasif,20316343,20,4,1,0,9,8,1,18,101550,8200,4818,1228286
pasif,20316343,21,4,1,0,7,7,0,20,108455,8922,5185,1004153
pasif,20316343,22,4,1,0,12,10,2,14,72600,8221,5252,1052879
pasif,20316343,23,4,1,0,7,5,2,14,82295,6957,5284,1109483
pasif,20316343,24,4,1,0,7,7,0,16,78100,7907,5450,1162282
pasif,20316343,25,4,1,0,8,8,0,17,113500,7720,5725,1238696
pasif,20316343,26,4,1,0,10,9,1,15,67295,6863,5763,1284250
pasif,20316343,27,4,1,0,12,9,3,17,128830,6088,5528,1372713
pasif,20316343,28,4,1,0,10,7,3,16,123750,5996,4896,1157380
pasif,20316343,29,4,1,0,8,8,0,16,80000,6449,4980,1211134
pasif,20316343,30,4,1,0,9,6,3,10,71750,9140,4967,1259660
pasif,20316343,31,4,1,0,8,8,0,16,73660,6685,4998,1309489
pasif,20316343,32,4,1,0,9,8,1,14,65465,7008,5055,1354150
pasif,20316343,33,4,1,0,10,9,1,15,98150,7698,5301,1421068
pasif,20316343,34,4,1,0,11,8,3,16,116870,8308,5485,1502991
pasif,20316343,35,4,1,0,10,7,3,15,100600,7921,5501,1269603
pasif,20316343,36,4,1,0,9,8,1,15,86500,5042,5237,1328405
pasif,20316343,37,4,1,0,7,7,0,16,82950,8473,5499,1384704
pasif,20316343,38,4,1,0,9,6,3,13,68550,7895,5571,1430871
pasif,20316343,39,4,1,0,8,7,1,15,84550,7650,5302,1488051
pasif,20316343,40,4,1,0,7,5,2,13,89700,9838,5523,1548916
pasif,20316343,41,4,1,0,12,9,3,14,72125,8002,5047,1598064
pasif,20316343,42,4,1,0,12,10,2,18,102810,5384,4766,1364012
pasif,20316343,43,4,1,0,8,8,0,16,86420,8311,4982,1422585
pasif,20316343,44,4,1,0,7,6,1,15,68480,8375,5223,1469482
pasif,20316343,45,4,1,0,9,8,1,15,96700,8337,5352,1535318
pasif,20316343,46,4,1,0,9,7,2,14,97650,6400,5239,1601215
pasif,20316343,47,4,1,0,8,8,0,16,102660,7276,5334,1672166
pasif,20316343,48,4,1,0,10,6,4,15,104050,7099,5201,1742717
pasif,20316343,49,4,1,0,8,5,3,16,93100,7668,5312,1499000
pasif,20316343,50,4,1,0,9,6,3,12,68250,6812,5132,1545478
pasif,20316343,51,4,1,0,6,6,0,16,82785,8533,5356,1602043
pasif,20316343,52,4,1,0,8,6,2,14,64050,8390,5446,1645276
pasif,20316343,53,4,1,0,7,6,1,15,105840,6990,5513,1717343
pasif,20316343,54,4,1,0,8,6,2,15,83950,3963,5021,1774601
pasif,20316343,55,4,1,0,10,8,2,16,103765,6553,4880,1845542
pasif,20316343,56,4,1,0,11,11,0,20,143225,7985,5215,1633745
pasif,20316343,57,4,1,0,10,7,3,11,63475,7061,4932,1677222
pasif,20316343,58,4,1,0,10,8,2,14,90350,5836,4826,1738556
pasif,20316343,59,4,1,0,5,5,0,16,95950,5343,4567,1803668
pasif,20316343,60,4,1,0,8,8,0,15,101530,4791,4499,1873355
pasif,20324262,1,4,1,0,7,7,0,13,59400,8147,3130,840260
pasif,20324262,2,4,1,0,7,6,1,12,57150,8238,3419,878823
pasif,20324262,3,4,1,0,7,6,1,12,52150,6575,2594,913937
pasif,20324262,4,4,1,0,4,4,0,12,75350,9505,3001,964905
pasif,20324262,5,4,1,0,5,5,0,13,60945,9201,3389,1006922
pasif,20324262,6,4,1,0,9,7,2,14,67850,7387,3491,1052641
pasif,20324262,7,4,1,0,5,5,0,17,73050,7338,3885,809060
pasif,20324262,8,4,1,0,8,6,2,11,46395,6501,3767,840859
pasif,20324262,9,4,1,0,8,8,0,14,65320,5991,3693,885409
pasif,20324262,10,4,1,0,6,6,0,14,65400,8941,4026,929705
pasif,20324262,11,4,1,0,8,8,0,14,62430,8591,4224,972832
pasif,20324262,12,4,1,0,8,7,1,13,53050,6926,4297,1008670
pasif,20324262,13,4,1,0,9,9,0,19,85035,7853,4538,1066153
pasif,20324262,14,4,1,0,8,6,2,14,68050,4735,3806,816893
pasif,20324262,15,4,1,0,4,4,0,14,100500,8454,4144,885167
pasif,20324262,16,4,1,0,10,10,0,15,71645,8201,4351,934163
pasif,20324262,17,4,1,0,8,8,0,15,74750,5777,4242,984605
pasif,20324262,18,4,1,0,9,7,2,12,85255,6929,4144,1043071
pasif,20324262,19,4,1,0,6,5,1,13,75705,9139,4418,1094852
pasif,20324262,20,4,1,0,7,5,2,16,97400,4733,3685,1160880
pasif,20324262,21,4,1,0,11,9,2,15,85775,6945,3719,922386
pasif,20324262,22,4,1,0,8,8,0,14,83000,7188,3774,978609
pasif,20324262,23,4,1,0,9,8,1,12,66840,6649,3745,1023858
pasif,20324262,24,4,1,0,7,6,1,12,74950,9176,3793,1075000
pasif,20324262,25,4,1,0,5,4,1,13,71680,6396,3820,1123717
pasif,20324262,26,4,1,0,8,8,0,14,62800,5589,3756,1166176
pasif,20324262,27,4,1,0,9,8,1,16,81900,7660,3817,1221505
pasif,20324262,28,4,1,0,9,8,1,16,109625,9161,4040,997621
pasif,20324262,29,4,1,0,10,10,0,14,66650,8323,4224,1042659
pasif,20324262,30,4,1,0,7,6,1,13,76450,8784,4422,1094306
pasif,20324262,31,4,1,0,6,5,1,14,66400,6769,4423,1138938
pasif,20324262,32,4,1,0,7,5,2,9,65815,6116,3886,1183871
pasif,20324262,33,4,1,0,8,8,0,14,101450,7238,4014,1252824
pasif,20324262,34,4,1,0,7,4,3,9,57950,5502,3183,1292007
pasif,20324262,35,4,1,0,11,10,1,15,99450,7765,3317,1057476
pasif,20324262,36,4,1,0,6,5,1,11,52340,8608,3634,1092915
pasif,20324262,37,4,1,0,9,6,3,11,58200,6099,3351,1132161
pasif,20324262,38,4,1,0,7,6,1,12,73950,9428,3620,1182180
pasif,20324262,39,4,1,0,8,8,0,14,72920,7895,3767,1231835
pasif,20324262,40,4,1,0,6,6,0,14,87940,9681,4319,1292367
pasif,20324262,41,4,1,0,10,7,3,16,93110,7231,4339,1356122
pasif,20324262,42,4,1,0,6,5,1,18,98930,6078,4280,1119188
pasif,20324262,43,4,1,0,9,8,1,12,89050,7002,3795,1179847
pasif,20324262,44,4,1,0,6,5,1,13,94000,6385,3748,1243696
pasif,20324262,45,4,1,0,6,6,0,14,93500,6979,3880,1307357
pasif,20324262,46,4,1,0,8,8,0,14,67070,8452,4144,1352703
pasif,20324262,47,4,1,0,9,8,1,13,77810,9269,4330,1405357
pasif,20324262,48,4,1,0,9,7,2,16,87515,9441,4643,1465072
pasif,20324262,49,4,1,0,13,12,1,18,87630,8136,4874,1217795
pasif,20324262,50,4,1,0,7,6,1,13,92020,7466,4881,1280987
pasif,20324262,51,4,1,0,8,6,2,11,58250,7921,4732,1320539
pasif,20324262,52,4,1,0,8,5,3,11,71950,4099,4061,1369037
pasif,20324262,53,4,1,0,12,12,0,14,94395,8249,4292,1433271
pasif,20324262,54,4,1,0,7,7,0,15,87800,8532,4487,1493111
pasif,20324262,55,4,1,0,7,4,3,12,92850,9087,4571,1556320
pasif,20324262,56,4,1,0,9,7,2,17,117100,5067,4251,1326836
pasif,20324262,57,4,1,0,6,5,1,13,65900,7642,4343,1371255
pasif,20324262,58,4,1,0,6,5,1,14,82745,8456,4617,1428025
pasif,20324262,59,4,1,0,6,5,1,14,75910,7548,4746,1480192
pasif,20324262,60,4,1,0,9,9,0,16,102880,5721,4488,1549974
pasif,20332181,1,4,1,0,6,6,0,13,72450,8991,3377,848982
pasif,20332181,2,4,1,0,5,5,0,13,65220,4212,2720,893541
pasif,20332181,3,4,1,0,6,6,0,12,75950,9206,3007,945062
pasif,20332181,4,4,1,0,8,7,1,12,62950,6875,2987,987788
pasif,20332181,5,4,1,0,2,2,0,13,89600,4574,2550,1048572
pasif,20332181,6,4,1,0,9,8,1,14,81455,8351,2853,1104100
pasif,20332181,7,4,1,0,8,8,0,16,86080,6334,2949,869907
pasif,20332181,8,4,1,0,6,6,0,13,73540,9061,3253,920163
pasif,20332181,9,4,1,0,7,5,2,11,58650,9291,3534,960080
pasif,20332181,10,4,1,0,7,6,1,13,51080,7863,3725,995265
pasif,20332181,11,4,1,0,7,7,0,14,69100,7899,3937,1041897
pasif,20332181,12,4,1,0,5,4,1,12,78775,8739,4131,1096490
pasif,20332181,13,4,1,0,7,7,0,18,114250,4470,3501,1174948
pasif,20332181,14,4,1,0,7,7,0,17,84350,8222,4127,936630
pasif,20332181,15,4,1,0,9,8,1,14,59010,8668,4307,976824
pasif,20332181,16,4,1,0,8,6,2,10,55250,9802,4413,1014329
pasif,20332181,17,4,1,0,9,7,2,12,69700,9066,4477,1061471
pasif,20332181,18,4,1,0,8,7,1,13,78790,8597,4645,1115277
pasif,20332181,19,4,1,0,7,7,0,15,104690,8117,4832,1186609
pasif,20332181,20,4,1,0,11,8,3,17,113810,6121,4649,1264828
pasif,20332181,21,4,1,0,10,9,1,17,96610,7973,4824,1033530
pasif,20332181,22,4,1,0,9,8,1,15,94435,5840,4762,1097661
pasif,20332181,23,4,1,0,8,8,0,16,82250,9048,5043,1153302
pasif,20332181,24,4,1,0,7,5,2,12,56125,8471,5088,1191699
pasif,20332181,25,4,1,0,10,8,2,12,59400,6017,4818,1231922
pasif,20332181,26,4,1,0,8,6,2,13,70000,6870,4788,1279519
pasif,20332181,27,4,1,0,7,5,2,18,101610,5156,4400,1349277
pasif,20332181,28,4,1,0,13,7,6,11,76450,3986,3491,1101588
pasif,20332181,29,4,1,0,7,7,0,14,78550,8335,3716,1154868
pasif,20332181,30,4,1,0,9,7,2,12,78130,6760,3644,1208622
pasif,20332181,31,4,1,0,7,6,1,12,80660,6005,3457,1263413
pasif,20332181,32,4,1,0,10,9,1,13,87080,7887,3535,1323003
pasif,20332181,33,4,1,0,9,7,2,12,108410,8703,3771,1397910
pasif,20332181,34,4,1,0,7,5,2,14,103800,6193,3727,1468613
pasif,20332181,35,4,1,0,10,7,3,11,70300,7500,3598,1214843
pasif,20332181,36,4,1,0,8,7,1,13,80350,8918,3882,1269626
pasif,20332181,37,4,1,0,8,8,0,14,77030,7938,4100,1322770
pasif,20332181,38,4,1,0,6,6,0,15,76100,7008,4249,1374098
pasif,20332181,39,4,1,0,7,6,1,13,67395,7625,4102,1420698
pasif,20332181,40,4,1,0,7,7,0,15,85000,8059,4324,1478429
pasif,20332181,41,4,1,0,12,10,2,17,97300,7678,4470,1544854
pasif,20332181,42,4,1,0,9,6,3,14,104950,7907,4498,1312627
pasif,20332181,43,4,1,0,6,6,0,15,88830,6945,4642,1373871
pasif,20332181,44,4,1,0,8,6,2,10,70100,7690,4423,1421237
pasif,20332181,45,4,1,0,7,7,0,15,117650,6193,4436,1501494
pasif,20332181,46,4,1,0,9,9,0,15,75450,9311,4733,1552479
pasif,20332181,47,4,1,0,5,5,0,16,85350,9143,5096,1610697
pasif,20332181,48,4,1,0,9,7,2,16,94900,6183,4679,1675175
pasif,20332181,49,4,1,0,11,8,3,15,92895,7593,4825,1431594
pasif,20332181,50,4,1,0,7,5,2,13,100170,7112,4891,1502096
pasif,20332181,51,4,1,0,8,7,1,13,69210,9372,4989,1549264
pasif,20332181,52,4,1,0,8,6,2,14,76950,2512,4358,1601426
pasif,20332181,53,4,1,0,7,6,1,14,99220,7908,4330,1669876
pasif,20332181,54,4,1,0,7,7,0,15,93750,7584,4610,1734249
pasif,20332181,55,4,1,0,13,12,1,17,105770,6532,4454,1806260
pasif,20332181,56,4,1,0,9,7,2,16,78975,7610,4246,1550972
pasif,20332181,57,4,1,0,7,7,0,15,62960,9677,4645,1593845
pasif,20332181,58,4,1,0,10,10,0,15,102075,8878,4890,1663401
pasif,20332181,59,4,1,0,5,4,1,12,67845,9626,5083,1710813
pasif,20332181,60,4,1,0,7,7,0,16,81600,6726,5102,1765813
makul,20260910,1,4,1,0,6,5,1,11,54350,8906,3189,836827
makul,20260910,2,4,1,0,8,8,0,13,65620,8900,3530,881479
makul,20260910,3,4,1,0,7,4,3,11,77170,9565,3795,935631
makul,20260910,4,4,1,0,8,8,0,14,61925,8328,4037,978025
makul,20260910,5,4,1,0,7,6,1,13,60600,7756,4135,1018766
makul,20260910,6,4,1,1,11,8,3,13,85000,7997,4200,1076609
makul,20260910,7,4,1,1,10,9,1,15,79150,7740,4396,765765
makul,20260910,8,4,1,2,8,6,2,13,67940,8128,4566,811925
makul,20260910,9,7,1,2,12,10,2,21,132700,7744,4555,576897
makul,20260910,10,7,2,2,16,14,2,25,144200,5995,4421,674648
makul,20260910,11,7,2,2,15,14,1,25,135870,9613,5044,767122
makul,20260910,12,7,2,2,14,14,0,28,153685,9260,5541,871544
makul,20260910,13,7,2,2,17,17,0,37,215300,6803,5599,1018766
makul,20260910,14,7,2,2,17,17,0,37,176930,9299,6396,358531
makul,20260910,15,7,2,2,14,13,1,27,153800,7722,5667,463145
makul,20260910,16,7,2,2,15,15,0,30,200250,7442,5905,598467
makul,20260910,17,7,2,2,14,13,1,28,179215,8180,6168,721391
makul,20260910,18,7,2,3,22,19,3,27,147145,8805,6357,821163
makul,20260910,19,7,2,3,13,12,1,29,168040,6363,6403,935912
makul,20260910,20,7,2,3,24,19,5,31,177550,7790,6490,1056355
makul,20260910,21,7,2,3,17,17,0,40,192200,7445,6714,321627
makul,20260910,22,7,2,3,21,20,1,31,194500,8038,6930,454020
makul,20260910,23,7,2,3,15,15,0,33,184675,9668,7592,581178
makul,20260910,24,7,2,3,21,21,0,35,191185,6390,7456,710701
makul,20260910,25,7,2,3,16,16,0,35,202450,7156,7544,847393
makul,20260910,26,7,2,3,18,18,0,35,232115,9083,7876,1005500
makul,20260910,27,7,2,3,19,19,0,45,244070,7886,8138,1171727
makul,20260910,28,10,2,3,33,27,6,55,347750,5297,6933,-300526
makul,20260910,29,10,3,3,28,24,4,41,233115,5586,6059,-142327
makul,20260910,30,10,3,3,21,21,0,44,270450,8967,6870,42093
makul,20260910,31,10,3,3,21,21,0,47,383425,9414,7521,303414
makul,20260910,32,10,3,3,22,22,0,50,359495,9076,7988,548552
makul,20260910,33,10,3,3,22,22,0,52,337710,6476,8149,778726
makul,20260910,34,10,3,3,32,26,6,52,300550,8670,8262,983035
makul,20260910,35,10,3,4,26,25,1,63,445620,8247,8633,45499
makul,20260910,36,10,3,4,27,24,3,51,354000,5673,8107,285925
makul,20260910,37,10,3,4,23,23,0,52,320300,9503,8514,505889
makul,20260910,38,10,3,4,25,25,0,54,320860,9385,8840,724544
makul,20260910,39,10,3,4,26,26,0,55,370580,9737,9146,978830
makul,20260910,40,10,3,4,23,23,0,57,338785,9063,9327,1210696
makul,20260910,41,10,3,4,28,27,1,70,498215,5821,8735,1552763
makul,20260910,42,10,3,4,33,33,0,69,486910,9095,9067,554057
makul,20260910,43,10,3,4,25,25,0,56,310380,7886,9178,764800
makul,20260910,44,10,3,4,25,25,0,57,377700,9391,9429,1023666
makul,20260910,45,10,3,4,24,23,1,57,350920,7715,9493,1261709
makul,20260910,46,10,4,4,23,20,3,54,333260,8595,9556,1488994
makul,20260910,47,10,4,4,29,29,0,58,360685,9549,9673,1736666
makul,20260910,48,10,4,4,34,31,3,66,419030,9276,9746,2021181
makul,20260910,49,10,4,4,33,30,3,68,466450,8019,9798,879134
makul,20260910,50,10,4,4,30,30,0,59,322810,9216,9857,1099114
makul,20260910,51,10,4,4,29,29,0,59,332250,9193,9892,1326931
makul,20260910,52,10,4,4,26,26,0,60,343750,8824,9913,1559971
makul,20260910,53,10,4,4,32,31,1,59,375170,9530,9941,1817341
makul,20260910,54,10,4,4,29,29,0,60,320375,9361,9957,2037595
makul,20260910,55,10,4,4,36,32,4,65,443395,8017,9961,2339865
makul,20260910,56,14,4,5,50,47,3,95,570840,7691,9966,-148495
makul,20260910,57,14,4,5,41,41,0,84,495675,7628,9972,189122
makul,20260910,58,14,4,5,41,40,1,83,528465,7402,9976,549431
makul,20260910,59,14,4,5,44,44,0,84,502180,8186,9981,890778
makul,20260910,60,14,4,5,37,34,3,78,501855,7408,9983,1233150
makul,20268829,1,4,1,0,8,7,1,12,64950,7850,3083,844175
makul,20268829,2,4,1,0,4,4,0,13,81975,8905,3444,901319
makul,20268829,3,4,1,0,3,3,0,14,77120,7695,3662,954923
makul,20268829,4,4,1,0,7,6,1,13,78700,8291,3970,1008371
makul,20268829,5,4,1,0,6,6,0,14,90040,7508,4117,1070185
makul,20268829,6,4,1,0,9,6,3,13,65990,7771,4062,1115698
makul,20268829,7,4,1,1,8,6,2,14,80750,7703,3888,877364
makul,20268829,8,4,1,1,7,7,0,14,62960,8732,4153,920411
makul,20268829,9,4,1,1,9,9,0,15,82250,9034,4554,976156
makul,20268829,10,7,1,1,13,10,3,19,119775,6269,3964,734040
makul,20268829,11,7,1,1,15,15,0,25,115130,8526,4362,811802
makul,20268829,12,7,1,1,14,11,3,22,115810,7295,4425,890403
makul,20268829,13,7,1,2,12,9,3,23,125260,5500,3354,976656
makul,20268829,14,7,1,2,17,15,2,25,125190,7626,3450,380223
makul,20268829,15,7,2,2,13,12,1,21,110800,5461,2841,455633
makul,20268829,16,7,2,2,8,8,0,22,150750,9900,3571,557708
makul,20268829,17,7,2,2,10,10,0,24,129420,5734,3601,646030
makul,20268829,18,7,2,2,15,14,1,23,146900,8397,3895,745629
makul,20268829,19,7,2,2,16,16,0,25,146000,9567,4374,844447
makul,20268829,20,7,2,2,17,12,5,24,120800,7176,4162,926186
makul,20268829,21,7,2,2,18,18,0,32,197300,8376,4797,270937
makul,20268829,22,7,2,2,13,13,0,27,175095,8690,5234,390657
makul,20268829,23,7,2,2,14,14,0,29,142100,7088,5388,486568
makul,20268829,24,7,2,2,16,16,0,29,179950,8518,5748,608361
makul,20268829,25,7,2,2,14,14,0,30,187850,9271,6328,735901
makul,20268829,26,7,2,2,18,18,0,32,220550,8485,6664,886035
makul,20268829,27,7,2,2,22,18,4,35,189355,7652,5685,1014671
makul,20268829,28,7,2,3,23,19,4,30,186670,7838,5769,344285
makul,20268829,29,7,2,3,12,12,0,30,164180,8781,6164,457109
makul,20268829,30,7,2,3,17,14,3,25,188300,8408,6025,585373
makul,20268829,31,7,2,3,13,13,0,31,172200,8100,6386,702262
makul,20268829,32,7,2,3,12,12,0,32,242400,8033,6681,867582
makul,20268829,33,7,2,3,19,19,0,33,206795,7445,6861,1008373
makul,20268829,34,7,2,3,17,16,1,38,259430,6720,6908,1185350
makul,20268829,35,10,3,3,30,26,4,46,274770,6022,5364,-345347
makul,20268829,36,10,3,3,22,22,0,41,270265,8523,6180,-159963
makul,20268829,37,10,3,3,22,22,0,45,262890,8966,6881,18961
makul,20268829,38,10,3,3,24,24,0,48,312795,8972,7382,231912
makul,20268829,39,10,3,3,28,28,0,50,314150,7435,7490,445606
makul,20268829,40,10,3,3,31,29,2,48,331500,6688,7577,671248
makul,20268829,41,10,3,4,28,26,2,60,372675,9129,8115,924639
makul,20268829,42,10,3,4,31,30,1,64,463100,8230,8418,-88351
makul,20268829,43,10,3,4,22,22,0,54,276745,9392,8882,100748
makul,20268829,44,10,3,4,28,27,1,55,333690,7651,9027,326821
makul,20268829,45,10,4,4,30,29,1,55,359770,9174,9246,573061
makul,20268829,46,10,4,4,29,29,0,57,307495,9596,9418,782967
makul,20268829,47,10,4,4,28,28,0,58,435930,9858,9563,1082940
makul,20268829,48,10,4,4,38,35,3,69,404360,9085,9679,1357038
makul,20268829,49,10,4,4,35,33,2,70,505020,9038,9761,244142
makul,20268829,50,10,4,4,30,29,1,58,360010,7595,9788,490112
makul,20268829,51,10,4,4,29,29,0,59,349485,9618,9849,729903
makul,20268829,52,10,4,4,29,27,2,53,334860,9229,9880,958508
makul,20268829,53,10,4,4,29,29,0,60,396060,8774,9911,1228181
makul,20268829,54,10,4,4,26,25,1,57,342290,9288,9938,1461075
makul,20268829,55,10,4,4,38,33,5,65,432695,8700,9948,1756278
makul,20268829,56,10,4,4,40,36,4,65,375640,8879,9957,535663
makul,20268829,57,10,4,4,34,34,0,60,366740,9650,9968,784161
makul,20268829,58,10,4,4,30,29,1,58,357005,9218,9974,1027557
makul,20268829,59,10,4,4,31,29,2,58,324870,9266,9979,1248833
makul,20268829,60,10,4,4,22,22,0,60,347500,8672,9983,1485448
makul,20276748,1,4,1,0,7,7,0,13,57750,8218,3161,839006
makul,20276748,2,4,1,0,7,6,1,11,39600,8413,3344,865805
makul,20276748,3,4,1,1,7,6,1,10,59150,8137,3347,905902
makul,20276748,4,4,1,1,6,6,0,13,81100,9842,3696,960828
makul,20276748,5,4,1,1,6,6,0,14,73395,9709,4074,1010799
makul,20276748,6,4,1,1,8,8,0,18,97600,6295,4079,1076862
makul,20276748,7,4,1,1,10,10,0,18,93765,9015,4559,775839
makul,20276748,8,7,1,1,13,12,1,24,107490,4730,3564,523768
makul,20276748,9,7,1,2,13,12,1,22,114070,5538,3505,601258
makul,20276748,10,7,1,2,13,12,1,22,105375,5789,3244,673014
makul,20276748,11,7,2,2,8,6,2,19,106300,9168,3616,745336
makul,20276748,12,7,2,2,9,9,0,24,136990,7219,3833,839239
makul,20276748,13,7,2,2,13,13,0,31,182760,8666,4542,964863
makul,20276748,14,7,2,2,17,17,0,33,194960,7221,4772,315809
makul,20276748,15,7,2,2,15,15,0,27,134265,9794,5426,406728
makul,20276748,16,7,2,2,15,15,0,29,178545,9270,5795,528099
makul,20276748,17,7,2,2,14,14,0,30,170795,8998,6181,646015
makul,20276748,18,7,2,2,15,15,0,31,212100,7719,6473,788835
makul,20276748,19,7,2,2,15,15,0,32,190200,9406,6910,919099
makul,20276748,20,7,2,2,21,18,3,38,256450,7573,6880,1092798
makul,20276748,21,7,2,2,24,24,0,42,270565,8686,7226,486665
makul,20276748,22,7,2,2,17,16,1,31,202600,8903,7420,625505
makul,20276748,23,7,2,2,17,17,0,35,201640,8474,7711,762930
makul,20276748,24,7,2,2,20,20,0,36,222480,7163,7308,914546
makul,20276748,25,7,2,2,17,14,3,28,166240,7910,7431,1027653
makul,20276748,26,7,2,3,19,18,1,34,230600,9199,7735,1184595
makul,20276748,27,10,2,3,30,27,3,58,376520,4925,6574,856280
makul,20276748,28,10,3,3,29,22,7,48,272260,6161,5952,-81793
makul,20276748,29,10,3,3,22,22,0,44,304450,8607,6588,125953
makul,20276748,30,10,3,3,27,27,0,46,277510,9842,7234,315905
makul,20276748,31,10,3,3,18,18,0,49,275100,9640,8063,503711
makul,20276748,32,10,3,3,28,28,0,52,253305,9422,8471,676287
makul,20276748,33,10,3,3,24,23,1,53,312600,7442,8601,887727
makul,20276748,34,10,3,4,30,28,2,63,380575,7121,8685,1146953
makul,20276748,35,10,3,4,42,40,2,61,354970,8569,8842,69316
makul,20276748,36,10,3,4,19,19,0,55,316750,9399,9142,286500
makul,20276748,37,10,3,4,25,24,1,55,307150,7271,9193,496150
makul,20276748,38,10,3,4,23,23,0,57,399200,9399,9395,767535
makul,20276748,39,10,3,4,31,27,4,50,318170,8399,9439,984019
makul,20276748,40,10,3,4,27,27,0,58,383725,6222,9453,1244931
makul,20276748,41,10,3,4,33,28,5,57,331360,6655,9381,1469515
makul,20276748,42,10,3,4,25,25,0,72,452580,7867,9511,445622
makul,20276748,43,10,3,4,31,26,5,49,297220,6370,9279,649072
makul,20276748,44,10,3,4,27,27,0,57,347290,8503,9422,884617
makul,20276748,45,10,3,4,23,22,1,57,355020,8619,9533,1126901
makul,20276748,46,10,4,4,30,29,1,57,345675,8611,9635,1363047
makul,20276748,47,10,4,4,28,28,0,59,313880,9814,9750,1577040
makul,20276748,48,10,4,4,37,36,1,71,418190,9328,9827,1861038
makul,20276748,49,10,4,4,32,28,4,64,413645,9048,9859,684057
makul,20276748,50,10,4,4,30,29,1,57,325675,9255,9893,905303
makul,20276748,51,10,4,4,22,21,1,59,425270,7140,9903,1197155
makul,20276748,52,10,4,4,35,35,0,60,353460,9660,9929,1437140
makul,20276748,53,10,4,4,27,27,0,60,342865,9754,9949,1672672
makul,20276748,54,10,4,4,27,27,0,60,398675,9869,9963,1945517
makul,20276748,55,10,4,4,42,38,4,68,372995,8745,9972,2201560
makul,20276748,56,14,4,5,50,41,9,93,584845,5955,8772,-274717
makul,20276748,57,14,4,5,34,34,0,77,438550,9146,9198,25484
makul,20276748,58,14,4,5,36,36,0,80,505245,9178,9513,371538
makul,20276748,59,14,4,5,45,42,3,77,539245,7502,9584,741047
makul,20276748,60,14,5,5,38,37,1,80,527250,7189,9624,1100310
makul,20284667,1,4,1,0,6,6,0,13,82050,9243,3344,855800
makul,20284667,2,4,1,0,4,4,0,13,75000,9820,3771,906777
makul,20284667,3,4,1,0,4,3,1,11,78450,9890,4128,960205
makul,20284667,4,4,1,1,7,5,2,13,84275,8111,4005,1018369
makul,20284667,5,4,1,1,7,5,2,12,57005,9871,4258,1056892
makul,20284667,6,4,1,2,12,11,1,17,91080,7770,4361,1118698
makul,20284667,7,4,1,2,7,6,1,15,83350,9891,4548,739280
makul,20284667,8,7,2,2,11,9,2,21,123450,3578,3529,498590
makul,20284667,9,7,2,2,13,13,0,24,126450,9141,4122,584108
makul,20284667,10,7,2,2,14,14,0,26,128750,9760,4667,671956
makul,20284667,11,7,2,2,11,11,0,27,161350,7964,4918,781158
makul,20284667,12,7,2,2,12,12,0,28,163865,5893,4986,893212
makul,20284667,13,7,2,2,15,15,0,35,186850,8186,5532,1021711
makul,20284667,14,7,2,2,16,15,1,36,194755,6902,5642,372291
makul,20284667,15,7,2,2,15,15,0,30,160005,9048,6206,481472
makul,20284667,16,7,2,2,13,12,1,29,191150,8231,6467,610698
makul,20284667,17,7,2,3,19,18,1,29,168575,8890,6672,725244
makul,20284667,18,7,2,3,20,20,0,33,194130,8687,7010,856876
makul,20284667,19,7,2,3,17,15,2,30,165715,9290,7337,969227
makul,20284667,20,7,2,3,17,17,0,43,233380,7487,7485,1127331
makul,20284667,21,7,2,3,22,19,3,37,215750,6004,7379,409999
makul,20284667,22,7,2,3,18,18,0,35,196815,7967,7603,543769
makul,20284667,23,7,2,3,17,15,2,31,207800,8013,7704,684347
makul,20284667,24,7,2,3,18,16,2,32,186380,8141,7823,811537
makul,20284667,25,7,2,3,17,15,2,32,194250,6971,7872,942977
makul,20284667,26,7,2,3,16,16,0,36,170810,9021,8328,1059327
makul,20284667,27,7,2,3,16,12,4,37,227760,6796,7818,1215831
makul,20284667,28,10,3,3,23,17,6,50,386860,6104,6538,-229109
makul,20284667,29,10,3,3,26,26,0,46,285035,9458,7237,-34286
makul,20284667,30,10,3,3,22,19,3,41,253570,9105,7617,139217
makul,20284667,31,10,3,3,14,14,0,50,290780,8532,8118,337970
makul,20284667,32,10,3,3,26,26,0,52,322505,9399,8544,558613
makul,20284667,33,10,3,3,25,25,0,54,321420,8605,8854,777289
makul,20284667,34,10,3,3,36,34,2,65,403920,8412,9095,1052044
makul,20284667,35,10,3,4,38,34,4,65,366460,7861,9207,60680
makul,20284667,36,10,3,4,27,27,0,57,391285,8880,9404,329506
makul,20284667,37,10,3,4,29,28,1,56,352150,8571,9481,568510
makul,20284667,38,10,4,4,27,26,1,55,356575,8455,9579,813376
makul,20284667,39,10,4,4,31,30,1,56,330080,9557,9702,1038699
makul,20284667,40,10,4,4,25,25,0,59,333790,9869,9801,1266236
makul,20284667,41,10,4,4,36,34,2,70,423105,9038,9847,1555002
makul,20284667,42,10,4,4,36,34,2,68,443835,7630,9854,416217
makul,20284667,43,10,4,4,25,25,0,59,390980,9263,9888,682473
makul,20284667,44,10,4,4,32,30,2,58,369160,9246,9911,933181
makul,20284667,45,10,4,4,24,24,0,60,302035,9857,9940,1140346
makul,20284667,46,10,4,4,30,27,3,54,342590,9059,9947,1372950
makul,20284667,47,10,4,4,25,25,0,60,392580,9521,9961,1642351
makul,20284667,48,10,4,4,29,29,0,75,502840,8763,9974,1984978
makul,20284667,49,10,4,4,30,30,0,75,438575,9342,9982,825363
makul,20284667,50,10,4,4,33,32,1,58,315880,9576,9986,1039944
makul,20284667,51,10,4,4,29,27,2,58,385270,8968,9989,1303182
makul,20284667,52,10,4,4,26,26,0,60,385335,9831,9992,1566947
makul,20284667,53,10,4,4,26,26,0,60,343955,9227,9994,1802939
makul,20284667,54,10,4,4,24,21,3,52,315560,7940,9994,2018809
makul,20284667,55,10,4,4,37,34,3,67,419805,8998,9995,2305763
makul,20284667,56,14,4,5,49,45,4,101,564080,5853,8746,-186622
makul,20284667,57,14,4,5,36,36,0,77,478435,8815,9088,138898
makul,20284667,58,14,4,5,42,38,4,72,442050,7125,9177,438762
makul,20284667,59,14,4,5,33,33,0,79,452250,9658,9466,747044
makul,20284667,60,14,4,5,45,45,0,81,488605,8281,9568,1081614
makul,20292586,1,4,1,0,6,6,0,13,54800,9495,3480,837890
makul,20292586,2,4,1,0,9,9,0,14,74850,7103,3480,888722
makul,20292586,3,4,1,0,8,8,0,14,71455,9118,3823,937326
makul,20292586,4,4,1,0,8,8,0,14,98140,7254,3943,1005257
makul,20292586,5,4,1,0,6,5,1,12,60440,8671,4097,1046474
makul,20292586,6,4,1,1,11,10,1,17,77010,7620,4423,1098930
makul,20292586,7,4,1,1,7,5,2,16,69200,6017,4307,781026
makul,20292586,8,4,1,1,9,9,0,15,69600,7266,4604,828038
makul,20292586,9,7,1,1,15,13,2,24,144200,6780,4684,600656
makul,20292586,10,7,1,2,13,9,4,16,116300,5138,3672,679868
makul,20292586,11,7,1,2,13,13,0,24,122750,6053,3663,762675
makul,20292586,12,7,1,2,11,11,0,24,121650,7402,3904,844869
makul,20292586,13,7,1,2,15,12,3,24,119985,7062,3048,926141
makul,20292586,14,7,2,2,12,9,3,24,124040,8471,3465,329075
makul,20292586,15,7,2,2,10,10,0,24,116370,7566,3711,408028
makul,20292586,16,7,2,2,12,12,0,24,153890,9250,4343,512849
makul,20292586,17,7,2,2,13,13,0,26,169540,9850,5145,628394
makul,20292586,18,7,2,2,16,16,0,28,170695,9713,5746,744657
makul,20292586,19,7,2,2,14,14,0,30,203785,9271,6242,885777
makul,20292586,20,7,2,2,16,13,3,32,221610,3939,4262,1036752
makul,20292586,21,7,2,3,15,14,1,31,196250,8510,4806,380421
makul,20292586,22,7,2,3,12,12,0,27,157940,8760,5323,488187
makul,20292586,23,7,2,3,13,13,0,29,163895,9364,5859,599234
makul,20292586,24,7,2,3,13,13,0,30,181425,9079,6380,723603
makul,20292586,25,7,2,3,16,16,0,32,177800,7968,6682,844232
makul,20292586,26,7,2,3,14,14,0,33,223715,8143,7051,996422
makul,20292586,27,7,2,3,15,14,1,41,222455,7512,7339,1147960
makul,20292586,28,7,2,3,22,20,2,38,233100,5167,6743,432592
makul,20292586,29,7,2,3,16,16,0,33,230350,9703,7299,588950
makul,20292586,30,7,2,3,17,17,0,34,192375,8630,7572,719579
makul,20292586,31,7,2,3,17,16,1,31,209095,8733,7723,861766
makul,20292586,32,7,2,3,21,19,2,32,184185,8174,7948,987476
makul,20292586,33,7,2,3,19,18,1,34,186270,8895,8180,1113233
makul,20292586,34,7,2,3,17,17,0,46,268170,8122,8434,1297017
makul,20292586,35,10,2,3,33,24,9,51,304430,6505,7643,-212599
makul,20292586,36,10,3,3,22,21,1,48,284515,6828,7741,-19398
makul,20292586,37,10,3,3,25,24,1,50,345545,8683,8145,219879
makul,20292586,38,10,3,4,26,23,3,46,289630,7226,8242,416912
makul,20292586,39,10,3,4,23,22,1,52,298700,7858,8411,619669
makul,20292586,40,10,4,4,25,24,1,53,372395,8826,8672,873241
makul,20292586,41,10,4,4,30,29,1,67,403800,8698,8990,1148233
makul,20292586,42,10,4,4,30,30,0,70,403880,8496,9217,-17558
makul,20292586,43,10,4,4,28,25,3,50,324200,9807,9384,203798
makul,20292586,44,10,4,4,21,21,0,58,354215,8111,9545,447222
makul,20292586,45,10,4,4,28,26,2,56,327595,9696,9657,670367
makul,20292586,46,10,4,4,24,23,1,57,367065,9016,9739,921274
makul,20292586,47,10,4,4,28,28,0,59,352810,9800,9828,1162177
makul,20292586,48,10,4,4,38,34,4,67,464225,8494,9859,1480543
makul,20292586,49,10,4,4,34,31,3,65,423220,8779,9886,310073
makul,20292586,50,10,4,4,24,24,0,60,368915,9878,9925,562552
makul,20292586,51,10,4,4,30,30,0,60,347115,9777,9946,798678
makul,20292586,52,10,4,4,29,27,2,58,326550,9529,9958,1019937
makul,20292586,53,10,4,4,36,36,0,60,346345,9674,9968,1256387
makul,20292586,54,10,4,4,24,23,1,59,408160,8852,9976,1537684
makul,20292586,55,10,4,4,32,27,5,69,398290,7371,9978,1808323
makul,20292586,56,10,4,4,40,31,9,59,394715,8716,9980,602478
makul,20292586,57,10,4,4,25,25,0,60,324875,9042,9984,823118
makul,20292586,58,10,4,4,26,26,0,60,407710,9597,9989,1102549
makul,20292586,59,10,4,4,35,32,3,57,351070,8822,9991,1340892
makul,20292586,60,10,4,4,31,29,2,56,338660,8580,9993,1571155
makul,20300505,1,4,1,0,5,5,0,13,54850,5144,2840,836891
makul,20300505,2,4,1,0,6,5,1,12,55000,4138,2527,874100
makul,20300505,3,4,1,1,7,6,1,11,62500,7336,2585,916294
makul,20300505,4,4,1,1,7,7,0,12,63200,6417,2624,958990
makul,20300505,5,4,1,1,7,7,0,12,65850,7216,2661,1003764
makul,20300505,6,4,1,1,7,7,0,15,76350,9291,3299,1055242
makul,20300505,7,4,1,1,11,9,2,13,92250,6215,2977,753146
makul,20300505,8,4,1,1,8,8,0,13,60700,8366,3133,794198
makul,20300505,9,4,1,1,8,7,1,11,61050,8621,3654,835691
makul,20300505,10,4,1,1,6,6,0,14,62025,7892,3734,877973
makul,20300505,11,4,1,1,7,6,1,12,55550,5706,3683,915529
makul,20300505,12,4,1,2,6,2,4,7,38450,9797,3439,942568
makul,20300505,13,4,1,2,6,5,1,15,86600,7450,3566,1001283
makul,20300505,14,4,1,2,7,7,0,17,103750,9818,4229,629727
makul,20300505,15,4,1,2,8,7,1,14,66050,9833,4687,674209
makul,20300505,16,7,2,2,15,13,2,24,145900,2589,3290,447963
makul,20300505,17,7,2,2,14,14,0,23,150900,9401,3887,550005
makul,20300505,18,7,2,2,12,12,0,25,173060,9701,4887,667905
makul,20300505,19,7,2,2,14,14,0,28,167215,8984,5369,782158
makul,20300505,20,7,2,2,18,18,0,36,191820,8920,5957,912327
makul,20300505,21,7,2,2,20,20,0,38,221090,8203,6329,274228
makul,20300505,22,7,2,2,18,18,0,32,170080,8165,6780,390473
makul,20300505,23,7,2,2,18,18,0,33,222000,8351,7033,541378
makul,20300505,24,7,2,2,19,18,1,32,209835,8454,7268,684349
makul,20300505,25,7,2,2,15,15,0,34,177150,7971,7415,803946
makul,20300505,26,7,2,2,15,15,0,35,211600,9444,7805,947069
makul,20300505,27,7,2,2,21,16,5,35,251850,5428,6504,1118058
makul,20300505,28,7,2,3,18,17,1,39,249645,7357,6796,491062
makul,20300505,29,7,2,3,17,17,0,33,222380,8163,7199,643800
makul,20300505,30,7,2,3,17,16,1,32,193555,7662,7475,776354
makul,20300505,31,7,2,3,17,17,0,35,236740,8027,7712,937214
makul,20300505,32,7,2,3,19,17,2,33,231240,8048,7884,1094917
makul,20300505,33,7,2,3,15,15,0,36,215200,7277,7974,1240940
makul,20300505,34,10,2,3,39,32,7,58,352225,3984,6039,895801
makul,20300505,35,10,3,3,26,23,3,47,317490,4636,4482,-21522
makul,20300505,36,10,3,3,21,21,0,38,214240,9390,5479,124582
makul,20300505,37,10,3,3,19,19,0,42,256965,9286,6250,299384
makul,20300505,38,10,3,3,20,20,0,45,254725,8978,7163,473272
makul,20300505,39,10,3,3,19,18,1,48,315435,6589,7098,689029
makul,20300505,40,10,3,3,19,19,0,48,304075,8898,7654,896042
makul,20300505,41,10,3,3,31,31,0,63,411710,9140,8169,1177038
makul,20300505,42,10,3,3,30,26,4,59,395130,7596,8353,193807
makul,20300505,43,10,3,4,26,24,2,48,270845,6635,8046,378761
makul,20300505,44,10,3,4,27,27,0,52,265550,9200,8436,559796
makul,20300505,45,10,3,4,26,24,2,50,281485,9222,8737,751486
makul,20300505,46,10,3,4,26,26,0,55,332405,8680,8994,978344
makul,20300505,47,10,3,4,27,26,1,55,340495,8249,9131,1210110
makul,20300505,48,10,4,4,33,27,6,57,385815,7219,9143,1474480
makul,20300505,49,10,4,4,33,30,3,67,396700,8912,9388,285237
makul,20300505,50,10,4,4,30,27,3,54,387235,8821,9506,550214
makul,20300505,51,10,4,4,29,29,0,58,374345,9757,9631,807355
makul,20300505,52,10,4,4,28,25,3,54,343460,9379,9732,1041256
makul,20300505,53,10,4,4,24,24,0,59,392995,9547,9807,1311207
makul,20300505,54,10,4,4,31,31,0,59,357540,9746,9853,1554897
makul,20300505,55,10,4,4,39,36,3,69,457055,9045,9889,1868249
makul,20300505,56,10,4,4,38,31,7,65,364560,8317,9906,641219
makul,20300505,57,10,4,4,30,24,6,48,306190,7465,9721,850697
makul,20300505,58,10,4,4,28,28,0,59,367070,9481,9790,1100128
makul,20300505,59,10,4,4,31,31,0,59,383290,9161,9838,1362750
makul,20300505,60,10,4,4,26,24,2,56,346535,8620,9867,1601124
makul,20308424,1,4,1,0,7,7,0,13,75900,9333,3462,851558
makul,20308424,2,4,1,0,8,7,1,13,73900,9152,3701,901920
makul,20308424,3,4,1,0,6,6,0,14,74630,9501,4319,952380
makul,20308424,4,4,1,0,11,10,1,14,59750,8409,4481,992719
makul,20308424,5,4,1,0,9,9,0,15,97100,6080,4342,1059358
makul,20308424,6,4,1,0,5,4,1,18,76700,7586,4584,1110946
makul,20308424,7,7,1,1,19,13,6,25,118950,3749,3136,333349
makul,20308424,8,7,1,1,10,9,1,22,115300,3971,2409,411606
makul,20308424,9,7,1,1,8,8,0,21,115175,5666,1923,490423
makul,20308424,10,7,1,1,8,8,0,19,103400,8145,2485,560733
makul,20308424,11,7,1,1,8,7,1,19,103900,6241,2356,631106
makul,20308424,12,7,1,2,11,10,1,19,101550,8012,2309,700361
makul,20308424,13,7,1,2,13,12,1,25,130740,6219,1833,789045
makul,20308424,14,7,2,2,11,9,2,20,104450,7598,1931,178616
makul,20308424,15,7,2,2,11,11,0,19,119445,9681,2701,260206
makul,20308424,16,7,2,2,12,12,0,22,129965,9787,3616,348609
makul,20308424,17,7,2,2,13,13,0,24,154850,9274,4143,453299
makul,20308424,18,7,2,2,17,17,0,26,152795,8871,4694,556469
makul,20308424,19,7,2,2,16,16,0,27,152150,9027,5382,658939
makul,20308424,20,7,2,2,15,15,0,36,212330,8763,5920,802791
makul,20308424,21,7,2,2,18,16,2,34,196345,9247,6444,148014
makul,20308424,22,7,2,2,13,13,0,32,160215,9860,6989,257446
makul,20308424,23,7,2,2,13,13,0,34,180935,7824,7285,380605
makul,20308424,24,7,2,2,15,15,0,34,207395,8618,7603,522697
makul,20308424,25,7,2,2,15,15,0,35,181850,7466,7698,645408
makul,20308424,26,7,2,2,14,14,0,36,281065,8916,8085,837762
makul,20308424,27,7,2,2,23,22,1,45,255375,7917,8315,1010993
makul,20308424,28,7,2,3,24,20,4,42,264820,7352,8385,394296
makul,20308424,29,7,2,3,21,20,1,33,194960,7728,8438,527288
makul,20308424,30,7,2,3,17,17,0,38,242500,6808,8465,692679
makul,20308424,31,7,2,3,17,15,2,35,241870,8533,8652,858118
makul,20308424,32,7,2,3,16,13,3,32,186780,6946,8654,984880
makul,20308424,33,7,2,3,15,13,2,35,193355,5728,8334,1116902
makul,20308424,34,7,2,3,17,16,1,46,269600,5690,8234,1299959
makul,20308424,35,10,3,3,30,24,6,54,317675,4025,5605,-201500
makul,20308424,36,10,3,3,18,18,0,42,240590,9241,6302,-38216
makul,20308424,37,10,3,3,25,22,3,40,265570,7863,6324,143009
makul,20308424,38,10,3,4,21,20,1,44,273645,8882,6871,329051
makul,20308424,39,10,3,4,26,26,0,47,264960,9071,7369,510314
makul,20308424,40,10,3,4,24,24,0,49,274230,9359,7957,696480
makul,20308424,41,10,3,4,33,31,2,58,340465,6379,7602,929002
makul,20308424,42,10,4,4,33,29,4,54,327780,7774,7718,-179376
makul,20308424,43,10,4,4,23,23,0,51,281960,9810,8350,12658
makul,20308424,44,10,4,4,26,25,1,52,324890,9189,8667,235371
makul,20308424,45,10,4,4,22,22,0,55,289970,9809,9072,433382
makul,20308424,46,10,4,4,30,28,2,53,344715,8469,9268,668987
makul,20308424,47,10,4,4,30,30,0,57,359795,9622,9449,913903
makul,20308424,48,10,4,4,38,29,9,60,318205,8903,9528,1129863
makul,20308424,49,10,4,4,36,33,3,66,430070,8789,9626,-34357
makul,20308424,50,10,4,4,31,24,7,46,297120,8754,9634,169398
makul,20308424,51,10,4,4,28,27,1,58,330920,9586,9714,395243
makul,20308424,52,10,4,4,32,32,0,59,353250,9531,9798,636842
makul,20308424,53,10,4,4,28,25,3,54,346970,7255,9807,874374
makul,20308424,54,10,4,4,29,26,3,53,299080,9108,9833,1077904
makul,20308424,55,10,4,4,38,37,1,73,463820,9686,9898,1396496
makul,20308424,56,10,4,4,35,33,2,67,383520,9520,9922,181149
makul,20308424,57,10,4,4,27,26,1,58,373270,9827,9945,436560
makul,20308424,58,10,4,4,24,24,0,60,354050,8366,9957,678918
makul,20308424,59,10,4,4,26,25,1,57,313060,8676,9965,892414
makul,20308424,60,10,4,4,31,29,2,57,327965,9446,9973,1113951
makul,20316343,1,4,1,0,8,6,2,10,43850,8371,3089,829703
makul,20316343,2,4,1,1,7,5,2,11,59400,9632,3349,869974
makul,20316343,3,4,1,1,6,5,1,10,43730,9366,3404,899875
makul,20316343,4,4,1,1,6,6,0,13,74320,8367,3667,950321
makul,20316343,5,4,1,1,8,8,0,14,67615,9549,3956,996439
makul,20316343,6,4,1,1,9,7,2,14,72930,6759,3803,1046082
makul,20316343,7,4,1,1,8,8,0,18,108640,9868,4446,756738
makul,20316343,8,4,1,1,8,7,1,14,74700,7043,4523,807343
makul,20316343,9,7,1,2,10,8,2,24,116800,7292,4606,562470
makul,20316343,10,7,1,2,14,12,2,24,135360,6503,4507,654722
makul,20316343,11,7,2,2,18,14,4,20,88450,6805,4073,714368
makul,20316343,12,7,2,2,17,17,0,25,126990,9456,4542,800678
makul,20316343,13,7,2,2,15,15,0,33,189010,8343,5006,930298
makul,20316343,14,7,2,2,20,16,4,27,137110,6186,4366,242339
makul,20316343,15,7,2,2,12,12,0,26,142780,9557,4947,339401
makul,20316343,16,7,2,2,10,10,0,28,130100,9139,5540,427341
makul,20316343,17,7,2,2,17,17,0,30,160790,9171,5979,536257
makul,20316343,18,7,2,2,14,14,0,31,181590,8614,6324,659809
makul,20316343,19,7,2,2,16,16,0,32,199070,8896,6682,795401
makul,20316343,20,7,2,2,20,20,0,41,287010,7409,6792,990080
makul,20316343,21,7,2,2,18,17,1,39,253150,7272,6866,372078
makul,20316343,22,7,2,2,18,18,0,33,180325,9674,7272,495975
makul,20316343,23,7,2,2,21,21,0,34,220400,7030,7282,645426
makul,20316343,24,7,2,2,16,16,0,34,220395,8356,7615,795599
makul,20316343,25,7,2,2,16,14,2,33,189350,6924,7670,923606
makul,20316343,26,7,2,2,16,16,0,35,246470,7938,7780,1092252
makul,20316343,27,7,2,2,24,24,0,45,269650,7660,7953,1276118
makul,20316343,28,10,2,2,34,30,4,58,372200,5088,6947,-103882
makul,20316343,29,10,2,3,22,20,2,44,320515,6760,6960,113949
makul,20316343,30,10,2,3,22,17,5,42,234090,5804,6123,272517
makul,20316343,31,10,3,3,17,16,1,42,208910,8263,6653,414539
makul,20316343,32,10,3,3,25,25,0,47,313525,8668,7199,628918
makul,20316343,33,10,3,3,22,22,0,49,285610,8908,7674,823574
makul,20316343,34,10,3,3,30,29,1,59,368230,6646,7392,1074583
makul,20316343,35,10,3,4,32,25,7,50,304410,6038,6503,41739
makul,20316343,36,10,3,4,20,19,1,44,270710,8201,6897,226684
makul,20316343,37,10,3,4,21,21,0,48,322955,9600,7617,448015
makul,20316343,38,10,3,4,20,20,0,50,332780,8986,8120,675988
makul,20316343,39,10,3,4,25,25,0,52,272315,8764,8470,860287
makul,20316343,40,10,3,4,24,24,0,54,340450,7992,8604,1091136
makul,20316343,41,10,3,4,34,30,4,57,360220,7786,8485,1336404
makul,20316343,42,10,4,4,32,29,3,61,381970,8817,8714,263400
makul,20316343,43,10,4,4,22,22,0,55,366390,9865,9138,513244
makul,20316343,44,10,4,4,24,24,0,57,345610,8643,9305,748177
makul,20316343,45,10,4,4,34,32,2,55,338880,8943,9419,979280
makul,20316343,46,10,4,4,29,29,0,58,355055,9717,9572,1222044
makul,20316343,47,10,4,4,21,21,0,58,336555,9527,9691,1451070
makul,20316343,48,10,4,4,33,33,0,73,395720,9474,9777,1720729
makul,20316343,49,10,4,4,40,40,0,74,461540,9144,9844,577914
makul,20316343,50,10,4,4,27,27,0,59,327735,9712,9895,801320
makul,20316343,51,10,4,4,24,24,0,60,386305,9254,9920,1063972
makul,20316343,52,10,4,4,30,29,1,58,357400,8931,9937,1306581
makul,20316343,53,10,4,4,32,32,0,60,372770,9674,9953,1560069
makul,20316343,54,10,4,4,36,35,1,56,354075,8481,9959,1802843
makul,20316343,55,10,4,4,38,33,5,64,402810,8658,9965,2077371
makul,20316343,56,10,4,4,40,38,2,71,372385,9591,9976,855024
makul,20316343,57,10,4,4,25,23,2,54,351450,9652,9981,1094906
makul,20316343,58,10,4,4,26,26,0,60,349050,9465,9987,1332252
makul,20316343,59,10,4,4,27,27,0,60,346900,9857,9991,1568201
makul,20316343,60,10,4,4,28,28,0,60,331480,9753,9993,1793020
makul,20324262,1,4,1,0,7,7,0,13,59400,8147,3130,840260
makul,20324262,2,4,1,0,7,6,1,12,57150,8238,3419,878823
makul,20324262,3,4,1,1,7,6,1,12,52150,6575,2594,913937
makul,20324262,4,4,1,1,4,4,0,12,78750,9870,3036,968305
makul,20324262,5,4,1,1,5,5,0,13,60120,9344,3436,1009497
makul,20324262,6,4,1,1,9,8,1,16,73550,7962,3684,1059038
makul,20324262,7,4,1,1,5,5,0,17,76480,8708,4213,747225
makul,20324262,8,4,1,1,8,7,1,13,54440,5899,4083,784201
makul,20324262,9,4,1,1,9,9,0,15,72355,6611,4095,833377
makul,20324262,10,4,1,1,6,6,0,15,66450,9157,4443,878710
makul,20324262,11,4,1,1,9,9,0,15,68635,8243,4632,925488
makul,20324262,12,7,1,1,14,13,1,24,108795,6773,4568,674134
makul,20324262,13,7,1,2,13,8,5,24,135900,5710,3541,766190
makul,20324262,14,7,1,2,17,17,0,30,133800,5068,2944,174553
makul,20324262,15,7,1,2,11,8,3,18,107310,5039,2411,248037
makul,20324262,16,7,2,2,9,7,2,16,79950,6380,2000,302182
makul,20324262,17,7,2,2,11,11,0,20,113495,9828,2706,379199
makul,20324262,18,7,2,2,15,15,0,22,143210,8922,3198,477479
makul,20324262,19,7,2,2,11,11,0,23,120100,9846,4057,558806
makul,20324262,20,7,2,2,14,14,0,32,165040,6687,4228,670461
makul,20324262,21,7,2,2,18,18,0,32,185350,7947,4495,6522
makul,20324262,22,7,2,2,17,17,0,27,137490,9722,5365,100014
makul,20324262,23,7,2,2,13,11,2,25,137100,7849,5497,192791
makul,20324262,24,7,2,3,14,11,3,25,160680,8016,5686,302830
makul,20324262,25,7,2,3,17,17,0,30,192865,9719,6379,433494
makul,20324262,26,7,2,3,17,14,3,27,177380,5028,5546,553819
makul,20324262,27,7,2,3,16,16,0,37,230925,7922,5790,710693
makul,20324262,28,7,2,3,17,15,2,33,233270,7218,5912,-4571
makul,20324262,29,7,2,3,14,14,0,31,193900,8658,6377,127463
makul,20324262,30,7,2,3,18,18,0,32,188700,9494,6852,254907
makul,20324262,31,7,2,3,18,18,0,33,191080,9427,7257,384582
makul,20324262,32,7,2,3,17,15,2,30,198075,7276,7211,521181
makul,20324262,33,7,2,3,18,16,2,32,225070,7766,7322,673856
makul,20324262,34,7,2,3,21,19,2,40,220215,6826,7367,823603
makul,20324262,35,7,2,3,19,16,3,38,226545,6559,7361,93531
makul,20324262,36,7,2,3,16,16,0,35,229350,8762,7683,249101
makul,20324262,37,7,2,3,17,13,4,29,194115,6832,7654,381793
makul,20324262,38,7,2,3,20,18,2,30,215800,7955,7810,528527
makul,20324262,39,7,2,3,15,15,0,36,199255,9364,8134,664784
makul,20324262,40,7,2,3,17,16,1,36,294270,9093,8367,867479
makul,20324262,41,7,2,3,19,17,2,44,255060,5795,7608,1042874
makul,20324262,42,7,2,3,23,18,5,36,213490,7612,7492,295606
makul,20324262,43,7,2,3,17,14,3,32,207750,6198,7528,436631
makul,20324262,44,7,2,3,16,16,0,35,248905,6610,7594,607942
makul,20324262,45,7,2,3,16,15,1,34,197170,8419,7861,742597
makul,20324262,46,7,2,3,21,20,1,34,209590,7339,7864,885043
makul,20324262,47,7,2,3,19,18,1,35,218200,7563,7901,1033700
makul,20324262,48,7,2,3,21,21,0,45,266310,7514,8070,1213793
makul,20324262,49,10,2,3,28,27,1,63,375750,3605,5904,-268407
makul,20324262,50,10,2,3,19,19,0,44,242960,7642,6443,-104297
makul,20324262,51,10,2,3,16,16,0,46,236250,7247,6752,57387
makul,20324262,52,10,2,3,25,25,0,47,270260,6359,6730,241070
makul,20324262,53,10,2,3,23,23,0,47,323235,8071,7237,462554
makul,20324262,54,10,2,3,26,21,5,41,236355,4139,5769,623554
makul,20324262,55,10,3,3,22,18,4,44,265620,7179,5299,805297
makul,20324262,56,10,3,3,22,22,0,51,280650,9128,6167,-282791
makul,20324262,57,10,3,3,24,24,0,45,226440,9658,6847,-128790
makul,20324262,58,10,3,3,16,16,0,47,266650,9045,7491,52602
makul,20324262,59,10,3,3,26,26,0,50,314300,8176,7891,265929
makul,20324262,60,10,3,3,23,23,0,52,260000,9188,8296,443066
makul,20332181,1,4,1,0,6,6,0,13,72450,8991,3377,848982
makul,20332181,2,4,1,0,5,5,0,13,65220,4212,2720,893541
makul,20332181,3,4,1,0,6,6,0,12,75950,9206,3007,945062
makul,20332181,4,4,1,0,8,7,1,12,62950,6875,2987,987788
makul,20332181,5,4,1,0,2,2,0,13,89600,4574,2550,1048572
makul,20332181,6,4,1,0,9,8,1,14,81455,8351,2853,1104100
makul,20332181,7,4,1,0,8,8,0,16,86080,6334,2949,869907
makul,20332181,8,4,1,0,6,6,0,13,73540,9061,3253,920163
makul,20332181,9,4,1,0,7,5,2,11,58650,9291,3534,960080
makul,20332181,10,4,1,1,7,6,1,13,51080,7863,3725,995265
makul,20332181,11,4,1,1,7,7,0,14,69100,8556,4005,1041897
makul,20332181,12,4,1,1,5,4,1,12,78775,9041,4232,1096490
makul,20332181,13,4,1,1,7,7,0,18,113050,4984,3710,1173748
makul,20332181,14,4,1,1,7,7,0,17,84350,8797,4367,862191
makul,20332181,15,4,1,1,9,8,1,14,58050,9170,4583,901425
makul,20332181,16,7,1,2,14,11,3,20,103915,5983,4310,646908
makul,20332181,17,7,1,2,14,12,2,22,119350,8261,4489,727722
makul,20332181,18,7,2,2,12,10,2,23,165290,6878,4570,841333
makul,20332181,19,7,2,2,14,14,0,27,142155,9591,5145,938110
makul,20332181,20,7,2,2,19,17,2,33,204770,8278,5460,1076934
makul,20332181,21,7,2,3,18,15,3,29,151235,6921,5154,390061
makul,20332181,22,7,2,3,11,10,1,27,159745,9274,5682,499868
makul,20332181,23,7,2,3,17,14,3,22,131370,6640,4938,590198
makul,20332181,24,7,2,3,16,16,0,28,155700,9817,5505,695503
makul,20332181,25,7,2,3,16,16,0,29,210190,7982,5740,838891
makul,20332181,26,7,2,3,15,14,1,29,195470,9620,6189,971966
makul,20332181,27,7,2,3,23,23,0,39,239170,7835,6521,1134656
makul,20332181,28,7,2,3,17,13,4,33,199180,7835,6557,396415
makul,20332181,29,7,2,3,19,19,0,32,176675,8731,6912,516543
makul,20332181,30,7,2,3,16,16,0,33,202920,7329,7041,654669
makul,20332181,31,7,2,3,17,15,2,32,215960,6476,7062,801696
makul,20332181,32,7,2,3,13,13,0,34,237700,7382,7341,964590
makul,20332181,33,7,2,3,19,18,1,34,213200,7545,7574,1109171
makul,20332181,34,7,2,3,21,17,4,36,213140,8341,7637,1254210
makul,20332181,35,10,3,3,32,28,4,58,366420,4932,5872,-215069
makul,20332181,36,10,3,3,21,21,0,43,254960,9836,6764,-40120
makul,20332181,37,10,3,3,23,23,0,47,280665,9016,7262,152064
makul,20332181,38,10,3,3,20,20,0,49,311440,9108,7887,364083
makul,20332181,39,10,3,3,26,24,2,50,328635,7237,7952,590051
makul,20332181,40,10,3,3,28,28,0,52,313300,9510,8367,804247
makul,20332181,41,10,3,3,33,29,4,60,439230,7056,7926,1105928
makul,20332181,42,10,3,4,33,28,5,55,345715,7510,7954,88774
makul,20332181,43,10,3,4,21,20,1,49,262545,8336,8137,268686
makul,20332181,44,10,3,4,26,26,0,53,299990,8269,8294,472966
makul,20332181,45,10,3,4,25,24,1,52,323020,6972,8378,692027
makul,20332181,46,10,3,4,26,26,0,54,361255,8974,8751,936770
makul,20332181,47,10,3,4,19,17,2,53,330925,8690,9020,1163190
makul,20332181,48,10,4,4,39,35,4,63,324010,8651,9153,1382412
makul,20332181,49,10,4,4,40,40,0,71,435685,8592,9411,220990
makul,20332181,50,10,4,4,29,29,0,58,328630,9036,9534,444349
makul,20332181,51,10,4,4,28,28,0,58,368960,9767,9685,694942
makul,20332181,52,10,4,4,27,27,0,59,370055,9173,9759,948920
makul,20332181,53,10,4,4,26,26,0,59,325275,9668,9833,1172267
makul,20332181,54,10,4,4,31,31,0,59,325590,9765,9872,1393870
makul,20332181,55,10,4,4,36,30,6,62,351450,6946,9413,1633318
makul,20332181,56,10,4,4,31,31,0,72,435710,8756,9587,456961
makul,20332181,57,10,4,4,24,24,0,58,331240,9820,9699,682432
makul,20332181,58,10,4,4,30,30,0,59,343700,9701,9780,917451
makul,20332181,59,10,4,4,28,28,0,59,351930,9696,9847,1156038
makul,20332181,60,10,4,4,28,27,1,52,307435,8844,9857,1365468
genislemeyen,20260910,1,4,1,0,6,5,1,11,54350,8906,3189,836827
genislemeyen,20260910,2,4,1,0,8,8,0,13,65620,8900,3530,881479
genislemeyen,20260910,3,4,1,0,7,4,3,11,77170,9565,3795,935631
genislemeyen,20260910,4,4,1,0,8,8,0,14,61925,8328,4037,978025
genislemeyen,20260910,5,4,1,0,7,6,1,13,60600,7756,4135,1018766
genislemeyen,20260910,6,4,1,1,11,8,3,13,85000,7997,4200,1076609
genislemeyen,20260910,7,4,1,1,10,9,1,15,79150,7740,4396,765765
genislemeyen,20260910,8,4,1,2,8,6,2,13,67940,8128,4566,811925
genislemeyen,20260910,9,4,1,2,6,5,1,13,62900,8307,4693,854406
genislemeyen,20260910,10,4,1,2,8,8,0,16,108800,8781,5041,928359
genislemeyen,20260910,11,4,1,2,10,9,1,15,69250,7617,5101,975194
genislemeyen,20260910,12,4,1,2,10,9,1,14,81930,6499,5018,1030827
genislemeyen,20260910,13,4,1,2,9,9,0,20,92255,7902,5297,1093454
genislemeyen,20260910,14,4,1,2,10,8,2,17,87200,4977,4744,710897
genislemeyen,20260910,15,4,1,2,7,7,0,16,80540,7468,4894,765907
genislemeyen,20260910,16,4,1,2,6,6,0,16,90650,7037,4954,827434
genislemeyen,20260910,17,4,1,2,10,10,0,16,102210,8173,5150,897219
genislemeyen,20260910,18,4,1,2,9,9,0,16,100150,9244,5509,965248
genislemeyen,20260910,19,4,1,2,8,8,0,17,103635,9869,5933,1036026
genislemeyen,20260910,20,4,1,2,9,8,1,20,147550,4403,5176,1136362
genislemeyen,20260910,21,4,1,2,9,8,1,18,89410,7223,4384,749808
genislemeyen,20260910,22,4,1,2,8,8,0,15,71300,5110,4139,798112
genislemeyen,20260910,23,4,1,2,6,5,1,14,83700,7757,4281,855054
genislemeyen,20260910,24,4,1,2,8,7,1,14,77630,7805,4549,908367
genislemeyen,20260910,25,4,1,2,10,10,0,15,79600,7705,4661,962812
genislemeyen,20260910,26,4,1,2,13,12,1,14,84845,9062,4835,1019960
genislemeyen,20260910,27,4,1,2,9,6,3,14,83900,4368,4330,1077322
genislemeyen,20260910,28,4,1,2,8,6,2,14,103390,7974,4277,695200
genislemeyen,20260910,29,4,1,2,11,10,1,13,79425,8162,4412,749580
genislemeyen,20260910,30,4,1,2,9,9,0,15,98250,7477,4351,816275
genislemeyen,20260910,31,4,1,2,6,6,0,15,89650,9252,4706,877341
genislemeyen,20260910,32,4,1,2,8,8,0,16,71950,7431,4854,925965
genislemeyen,20260910,33,4,1,2,10,10,0,16,104450,6812,4918,996787
genislemeyen,20260910,34,4,1,2,13,11,2,17,103605,6605,4762,1067251
genislemeyen,20260910,35,4,1,2,8,7,1,18,104820,8219,4951,680691
genislemeyen,20260910,36,4,1,2,8,8,0,16,101250,9161,5654,749117
genislemeyen,20260910,37,4,1,2,14,13,1,15,100310,7596,5475,817185
genislemeyen,20260910,38,4,1,2,8,8,0,17,112855,7424,5603,893895
genislemeyen,20260910,39,4,1,2,7,5,2,12,71620,6870,5436,943048
genislemeyen,20260910,40,4,1,2,9,9,0,17,89620,7573,5544,1003724
genislemeyen,20260910,41,4,1,2,12,11,1,20,124900,6835,5584,1088282
genislemeyen,20260910,42,4,1,2,11,6,5,14,87500,5157,5108,683599
genislemeyen,20260910,43,4,1,2,6,5,1,14,100450,7749,5208,752058
genislemeyen,20260910,44,4,1,2,7,6,1,15,83200,6209,4793,808692
genislemeyen,20260910,45,4,1,2,11,11,0,16,95680,9352,5144,874537
genislemeyen,20260910,46,4,1,2,6,6,0,16,85300,8708,5368,932120
genislemeyen,20260910,47,4,1,2,9,9,0,17,138900,7758,5479,1026604
genislemeyen,20260910,48,4,1,2,12,10,2,15,92800,4804,4789,1089800
genislemeyen,20260910,49,4,1,2,12,10,2,12,82450,8129,4361,675829
genislemeyen,20260910,50,4,1,2,8,7,1,12,74960,7724,4598,727251
genislemeyen,20260910,51,4,1,2,8,7,1,12,72100,9560,4747,776108
genislemeyen,20260910,52,4,1,2,5,4,1,15,120800,9896,5231,857383
genislemeyen,20260910,53,4,1,2,9,6,3,10,85455,5817,3920,915694
genislemeyen,20260910,54,4,1,2,7,6,1,12,70600,7281,3861,963760
genislemeyen,20260910,55,4,1,2,8,8,0,18,89400,9650,4365,1024238
genislemeyen,20260910,56,4,1,2,9,8,1,17,117550,8498,4655,627954
genislemeyen,20260910,57,4,1,2,8,8,0,15,89850,7978,4766,688865
genislemeyen,20260910,58,4,1,2,9,6,3,11,61850,7650,4665,730833
genislemeyen,20260910,59,4,1,2,7,7,0,15,79100,4628,3972,784259
genislemeyen,20260910,60,4,1,2,7,7,0,14,108155,9557,4458,859708
genislemeyen,20268829,1,4,1,0,8,7,1,12,64950,7850,3083,844175
genislemeyen,20268829,2,4,1,0,4,4,0,13,81975,8905,3444,901319
genislemeyen,20268829,3,4,1,0,3,3,0,14,77120,7695,3662,954923
genislemeyen,20268829,4,4,1,0,7,6,1,13,78700,8291,3970,1008371
genislemeyen,20268829,5,4,1,0,6,6,0,14,90040,7508,4117,1070185
genislemeyen,20268829,6,4,1,0,9,6,3,13,65990,7771,4062,1115698
genislemeyen,20268829,7,4,1,1,8,6,2,14,80750,7703,3888,877364
genislemeyen,20268829,8,4,1,1,7,7,0,14,62960,8732,4153,920411
genislemeyen,20268829,9,4,1,1,9,9,0,15,82250,9034,4554,976156
genislemeyen,20268829,10,4,1,1,9,9,0,15,79110,6724,4663,1030469
genislemeyen,20268829,11,4,1,1,7,7,0,15,84875,7983,4855,1088501
genislemeyen,20268829,12,4,1,1,10,10,0,16,66500,8859,5130,1133450
genislemeyen,20268829,13,4,1,1,11,11,0,20,116255,8252,5354,1212714
genislemeyen,20268829,14,4,1,1,11,8,3,16,71200,7499,5385,893042
genislemeyen,20268829,15,4,1,1,6,6,0,17,104350,8135,5574,963984
genislemeyen,20268829,16,4,1,1,10,10,0,17,99600,8002,5683,1031495
genislemeyen,20268829,17,4,1,1,10,10,0,17,116700,9017,5875,1110362
genislemeyen,20268829,18,4,1,1,9,7,2,14,83850,7299,5883,1167151
genislemeyen,20268829,19,4,1,1,7,7,0,17,110550,8679,6102,1242731
genislemeyen,20268829,20,4,1,1,9,7,2,18,135450,6291,5951,1334403
genislemeyen,20268829,21,4,1,2,10,6,4,16,78535,7303,5297,1016517
genislemeyen,20268829,22,4,1,2,9,7,2,14,86050,7919,5340,1074832
genislemeyen,20268829,23,4,1,2,10,10,0,17,88100,8084,5455,1134391
genislemeyen,20268829,24,4,1,2,11,10,1,16,98000,5498,5234,1200363
genislemeyen,20268829,25,4,1,2,7,4,3,11,58700,3682,4557,1239832
genislemeyen,20268829,26,4,1,2,11,9,2,13,67650,6894,4552,1285653
genislemeyen,20268829,27,4,1,2,11,11,0,19,117675,8180,4694,1366512
genislemeyen,20268829,28,4,1,2,10,10,0,19,132550,6698,4743,1004119
genislemeyen,20268829,29,4,1,2,9,9,0,16,99260,8340,4977,1071989
genislemeyen,20268829,30,4,1,2,7,5,2,14,59990,5833,4784,1112906
genislemeyen,20268829,31,4,1,2,6,5,1,15,103410,9893,5262,1184878
genislemeyen,20268829,32,4,1,2,8,7,1,13,85600,9057,5416,1242969
genislemeyen,20268829,33,4,1,2,7,5,2,15,97200,6193,5368,1309226
genislemeyen,20268829,34,4,1,2,13,7,6,15,124500,6103,5158,1394375
genislemeyen,20268829,35,4,1,2,12,11,1,18,116010,5954,4885,1015156
genislemeyen,20268829,36,4,1,2,8,7,1,14,71700,7110,5322,1064029
genislemeyen,20268829,37,4,1,2,10,8,2,14,61450,7651,4540,1105336
genislemeyen,20268829,38,4,1,2,7,6,1,14,103800,6773,4547,1175488
genislemeyen,20268829,39,4,1,2,13,12,1,14,76150,8058,4895,1227231
genislemeyen,20268829,40,4,1,2,8,6,2,13,75770,8627,4984,1279110
genislemeyen,20268829,41,4,1,2,8,7,1,14,88765,9031,5000,1340077
genislemeyen,20268829,42,4,1,2,10,9,1,19,167900,8016,5272,990204
genislemeyen,20268829,43,4,1,2,10,8,2,14,112600,5834,4612,1066836
genislemeyen,20268829,44,4,1,2,5,4,1,13,100500,9811,4994,1136950
genislemeyen,20268829,45,4,1,2,10,9,1,14,99295,8667,5175,1204334
genislemeyen,20268829,46,4,1,2,8,8,0,16,137650,7071,5282,1298432
genislemeyen,20268829,47,4,1,2,5,3,2,14,101100,9881,5615,1367332
genislemeyen,20268829,48,4,1,2,12,11,1,19,113095,7643,5488,1444390
genislemeyen,20268829,49,4,1,2,11,9,2,19,128115,4785,4895,1061760
genislemeyen,20268829,50,4,1,2,7,6,1,13,76100,5598,4675,1113379
genislemeyen,20268829,51,4,1,2,6,6,0,15,94150,8523,4824,1176909
genislemeyen,20268829,52,4,1,2,10,10,0,16,96350,8331,4997,1242285
genislemeyen,20268829,53,4,1,2,7,6,1,14,91570,7761,5282,1304996
genislemeyen,20268829,54,4,1,2,8,7,1,11,54400,6753,4924,1341978
genislemeyen,20268829,55,4,1,2,13,12,1,18,88350,6393,4806,1401596
genislemeyen,20268829,56,4,1,2,9,6,3,15,92350,6700,4012,988313
genislemeyen,20268829,57,4,1,2,9,9,0,14,119220,9377,4475,1069719
genislemeyen,20268829,58,4,1,2,9,8,1,14,81800,9120,4659,1125307
genislemeyen,20268829,59,4,1,2,7,7,0,15,85900,6214,4697,1183343
genislemeyen,20268829,60,4,1,2,7,6,1,14,77355,9873,4959,1236803
genislemeyen,20276748,1,4,1,0,7,7,0,13,57750,8218,3161,839006
genislemeyen,20276748,2,4,1,0,7,6,1,11,39600,8413,3344,865805
genislemeyen,20276748,3,4,1,1,7,6,1,10,59150,8137,3347,905902
genislemeyen,20276748,4,4,1,1,6,6,0,13,81100,9842,3696,960828
genislemeyen,20276748,5,4,1,1,6,6,0,14,73395,9709,4074,1010799
genislemeyen,20276748,6,4,1,1,8,8,0,18,97600,6295,4079,1076862
genislemeyen,20276748,7,4,1,1,10,10,0,18,93765,9015,4559,775839
genislemeyen,20276748,8,4,1,1,7,7,0,15,67370,9082,4956,821356
genislemeyen,20276748,9,4,1,1,9,9,0,16,80340,7913,5097,875989
genislemeyen,20276748,10,4,1,1,9,8,1,14,65400,7635,5258,920377
genislemeyen,20276748,11,4,1,1,8,8,0,16,74450,7352,5367,970684
genislemeyen,20276748,12,4,1,1,8,4,4,10,46200,8062,5170,1001936
genislemeyen,20276748,13,4,1,2,8,7,1,17,99860,6491,4896,1070952
genislemeyen,20276748,14,4,1,2,9,9,0,20,110100,6238,4989,704070
genislemeyen,20276748,15,4,1,2,9,9,0,16,96765,7788,5142,770149
genislemeyen,20276748,16,4,1,2,6,6,0,16,88435,7083,5198,830385
genislemeyen,20276748,17,4,1,2,7,7,0,16,76890,8626,5457,882640
genislemeyen,20276748,18,4,1,2,9,8,1,16,87165,8039,5633,942006
genislemeyen,20276748,19,4,1,2,12,11,1,15,83930,8514,5688,999156
genislemeyen,20276748,20,4,1,2,12,10,2,18,114150,6742,5636,1076218
genislemeyen,20276748,21,4,1,2,10,10,0,21,118700,8929,5965,710258
genislemeyen,20276748,22,4,1,2,8,8,0,18,95065,9320,6295,775068
genislemeyen,20276748,23,4,1,2,10,7,3,15,81050,5701,6031,829841
genislemeyen,20276748,24,4,1,2,9,7,2,12,72145,9186,5897,879388
genislemeyen,20276748,25,4,1,2,8,8,0,17,112500,9172,6142,955767
genislemeyen,20276748,26,4,1,2,9,8,1,17,89000,5844,5892,1015886
genislemeyen,20276748,27,4,1,2,12,8,4,16,96960,7652,5344,1082677
genislemeyen,20276748,28,4,1,2,7,7,0,21,120460,6606,5523,712244
genislemeyen,20276748,29,4,1,2,14,13,1,16,110350,8823,5709,787009
genislemeyen,20276748,30,4,1,2,7,5,2,14,177890,6690,5683,910676
genislemeyen,20276748,31,4,1,2,10,10,0,17,101150,6449,5722,979497
genislemeyen,20276748,32,4,1,2,9,9,0,17,105650,6795,5767,1051469
genislemeyen,20276748,33,4,1,2,8,6,2,13,79875,9873,5861,1106938
genislemeyen,20276748,34,4,1,2,14,12,2,19,104600,5457,4658,1177810
genislemeyen,20276748,35,4,1,2,9,7,2,17,118140,7726,4788,801298
genislemeyen,20276748,36,4,1,2,8,7,1,15,106850,8206,5182,873880
genislemeyen,20276748,37,4,1,2,9,9,0,16,101100,5632,5049,942583
genislemeyen,20276748,38,4,1,2,8,8,0,16,103875,6827,5197,1013732
genislemeyen,20276748,39,4,1,2,8,8,0,16,106565,8514,5424,1086713
genislemeyen,20276748,40,4,1,2,9,8,1,15,104140,8989,5600,1157637
genislemeyen,20276748,41,4,1,2,10,8,2,16,95100,6630,5452,1222390
genislemeyen,20276748,42,4,1,2,10,8,2,18,136915,7150,5491,852244
genislemeyen,20276748,43,4,1,2,10,9,1,15,120050,7835,5114,933733
genislemeyen,20276748,44,4,1,2,8,7,1,15,112650,8104,5323,1009978
genislemeyen,20276748,45,4,1,2,8,7,1,16,97300,6291,5325,1076463
genislemeyen,20276748,46,4,1,2,9,5,4,8,62700,7376,4752,1119333
genislemeyen,20276748,47,4,1,2,8,7,1,15,81810,6911,4820,1175385
genislemeyen,20276748,48,4,1,2,11,8,3,13,71650,6829,4325,1224143
genislemeyen,20276748,49,4,1,2,12,11,1,17,116710,8685,4483,834049
genislemeyen,20276748,50,4,1,2,11,11,0,15,91135,7122,4485,895799
genislemeyen,20276748,51,4,1,2,7,7,0,15,77270,9420,4836,948999
genislemeyen,20276748,52,4,1,2,4,4,0,16,139900,9479,5340,1046998
genislemeyen,20276748,53,4,1,2,9,8,1,15,92340,8251,5627,1110091
genislemeyen,20276748,54,4,1,2,7,5,2,13,82900,5513,5032,1166149
genislemeyen,20276748,55,4,1,2,11,10,1,19,122260,7909,5301,1250176
genislemeyen,20276748,56,4,1,2,9,8,1,18,97465,6026,4970,840121
genislemeyen,20276748,57,4,1,2,9,9,0,16,67720,9307,5239,886101
genislemeyen,20276748,58,4,1,2,9,9,0,16,102235,8775,5451,956487
genislemeyen,20276748,59,4,1,2,7,3,4,10,60100,9904,5423,997355
genislemeyen,20276748,60,4,1,2,8,5,3,11,58250,9089,5461,1036862
genislemeyen,20284667,1,4,1,0,6,6,0,13,82050,9243,3344,855800
genislemeyen,20284667,2,4,1,0,4,4,0,13,75000,9820,3771,906777
genislemeyen,20284667,3,4,1,0,4,3,1,11,78450,9890,4128,960205
genislemeyen,20284667,4,4,1,1,7,5,2,13,84275,8111,4005,1018369
genislemeyen,20284667,5,4,1,1,7,5,2,12,57005,9871,4258,1056892
genislemeyen,20284667,6,4,1,2,12,11,1,17,91080,7770,4361,1118698
genislemeyen,20284667,7,4,1,2,7,6,1,15,83350,9891,4548,739280
genislemeyen,20284667,8,4,1,2,8,5,3,11,74325,8752,4628,790001
genislemeyen,20284667,9,4,1,2,7,7,0,15,79450,9174,4941,843493
genislemeyen,20284667,10,4,1,2,8,7,1,14,86090,8890,5184,902109
genislemeyen,20284667,11,4,1,2,9,9,0,16,87650,7156,5280,962156
genislemeyen,20284667,12,4,1,2,8,7,1,15,76075,8565,5442,1014420
genislemeyen,20284667,13,4,1,2,9,7,2,14,83100,7094,4678,1070658
genislemeyen,20284667,14,4,1,2,9,7,2,12,63600,7754,4379,672008
genislemeyen,20284667,15,4,1,2,5,3,2,11,66505,9880,4636,717435
genislemeyen,20284667,16,4,1,2,6,6,0,15,107475,9330,5013,790480
genislemeyen,20284667,17,4,1,2,9,9,0,16,97045,6578,5107,856877
genislemeyen,20284667,18,4,1,2,9,8,1,15,87095,5726,4954,916651
genislemeyen,20284667,19,4,1,2,7,7,0,16,76950,9877,5305,968393
genislemeyen,20284667,20,4,1,2,10,8,2,19,120500,9732,5795,1050697
genislemeyen,20284667,21,4,1,2,9,7,2,18,103125,6601,5746,674550
genislemeyen,20284667,22,4,1,2,11,10,1,16,84150,6741,5776,731428
genislemeyen,20284667,23,4,1,2,8,8,0,17,102400,8498,5942,800869
genislemeyen,20284667,24,4,1,2,11,10,1,17,90460,9002,6128,862076
genislemeyen,20284667,25,4,1,2,10,7,3,13,79790,8615,6190,916884
genislemeyen,20284667,26,4,1,2,11,11,0,18,91945,8275,6367,979894
genislemeyen,20284667,27,4,1,2,12,9,3,15,98900,6451,6041,1046983
genislemeyen,20284667,28,4,1,2,10,8,2,17,96205,8155,5781,660068
genislemeyen,20284667,29,4,1,2,8,8,0,17,121750,9221,6117,742878
genislemeyen,20284667,30,4,1,2,9,7,2,14,108500,6592,5824,817452
genislemeyen,20284667,31,4,1,2,7,7,0,17,103120,7505,5900,887292
genislemeyen,20284667,32,4,1,2,8,7,1,12,90295,5030,5226,949686
genislemeyen,20284667,33,4,1,2,10,8,2,12,56850,7893,4941,988244
genislemeyen,20284667,34,4,1,2,10,9,1,18,95750,7208,4697,1052785
genislemeyen,20284667,35,4,1,2,9,7,2,15,99545,6523,4619,662603
genislemeyen,20284667,36,4,1,2,6,4,2,10,75650,9164,4449,713940
genislemeyen,20284667,37,4,1,2,9,9,0,15,75950,9770,4780,765555
genislemeyen,20284667,38,4,1,2,10,9,1,14,77150,5419,4676,817874
genislemeyen,20284667,39,4,1,2,7,6,1,12,92250,6660,4537,880464
genislemeyen,20284667,40,4,1,2,8,8,0,15,72660,8175,4809,930447
genislemeyen,20284667,41,4,1,2,10,9,1,17,75750,8225,5332,981604
genislemeyen,20284667,42,4,1,2,7,5,2,14,78950,8471,5161,571157
genislemeyen,20284667,43,4,1,2,8,6,2,13,70055,8458,5323,618792
genislemeyen,20284667,44,4,1,2,7,3,4,9,74950,4408,4559,669513
genislemeyen,20284667,45,4,1,2,4,3,1,12,75525,7228,4614,721995
genislemeyen,20284667,46,4,1,2,5,5,0,15,107025,9867,5075,796707
genislemeyen,20284667,47,4,1,2,7,7,0,16,88200,6906,5111,856583
genislemeyen,20284667,48,4,1,2,8,5,3,14,85350,4924,3948,914837
genislemeyen,20284667,49,4,1,2,12,11,1,17,87735,8160,4117,504866
genislemeyen,20284667,50,4,1,2,9,9,0,15,96700,9200,4431,571003
genislemeyen,20284667,51,4,1,2,5,4,1,14,81935,8254,4780,627020
genislemeyen,20284667,52,4,1,2,9,9,0,16,96470,6861,5010,692374
genislemeyen,20284667,53,4,1,2,6,6,0,16,130500,7273,5112,781787
genislemeyen,20284667,54,4,1,2,7,4,3,12,85555,9162,5211,840326
genislemeyen,20284667,55,4,1,2,6,4,2,15,88950,5925,4634,900558
genislemeyen,20284667,56,4,1,2,4,4,0,19,84425,2563,3033,481362
genislemeyen,20284667,57,4,1,2,6,5,1,11,59700,9858,3294,522688
genislemeyen,20284667,58,4,1,2,6,6,0,13,79630,8562,3588,577005
genislemeyen,20284667,59,4,1,2,8,8,0,14,75380,9046,3878,628338
genislemeyen,20284667,60,4,1,2,9,9,0,14,89390,8839,4151,689391
genislemeyen,20292586,1,4,1,0,6,6,0,13,54800,9495,3480,837890
genislemeyen,20292586,2,4,1,0,9,9,0,14,74850,7103,3480,888722
genislemeyen,20292586,3,4,1,0,8,8,0,14,71455,9118,3823,937326
genislemeyen,20292586,4,4,1,0,8,8,0,14,98140,7254,3943,1005257
genislemeyen,20292586,5,4,1,0,6,5,1,12,60440,8671,4097,1046474
genislemeyen,20292586,6,4,1,1,11,10,1,17,77010,7620,4423,1098930
genislemeyen,20292586,7,4,1,1,7,5,2,16,69200,6017,4307,781026
genislemeyen,20292586,8,4,1,1,9,9,0,15,69600,7266,4604,828038
genislemeyen,20292586,9,4,1,1,9,9,0,15,76650,6769,4719,880006
genislemeyen,20292586,10,4,1,1,10,8,2,13,75500,8957,4828,931120
genislemeyen,20292586,11,4,1,2,8,7,1,14,71450,5333,4561,979646
genislemeyen,20292586,12,4,1,2,7,7,0,15,65050,7716,4713,1023413
genislemeyen,20292586,13,4,1,2,10,10,0,19,103340,7315,4876,1093929
genislemeyen,20292586,14,4,1,2,9,7,2,17,101845,8115,4977,721608
genislemeyen,20292586,15,4,1,2,8,8,0,16,88000,6340,5177,781251
genislemeyen,20292586,16,4,1,2,8,7,1,13,63615,9090,5295,824434
genislemeyen,20292586,17,4,1,2,6,5,1,15,80250,9030,5557,878463
genislemeyen,20292586,18,4,1,2,9,9,0,17,105400,6744,5423,949649
genislemeyen,20292586,19,4,1,2,8,6,2,15,100410,9272,5645,1017935
genislemeyen,20292586,20,4,1,2,12,9,3,17,119800,4066,4666,1099570
genislemeyen,20292586,21,4,1,2,12,9,3,16,89900,8643,4811,713320
genislemeyen,20292586,22,4,1,2,9,9,0,16,84050,9039,5028,770340
genislemeyen,20292586,23,4,1,2,9,8,1,14,97150,6186,4978,836809
genislemeyen,20292586,24,4,1,2,8,7,1,15,98570,7593,5092,904965
genislemeyen,20292586,25,4,1,2,7,6,1,15,94140,7110,5369,969544
genislemeyen,20292586,26,4,1,2,8,6,2,14,108700,6870,4428,1043489
genislemeyen,20292586,27,4,1,2,7,5,2,10,58150,7992,3892,1082977
genislemeyen,20292586,28,4,1,2,8,7,1,17,111735,9480,4354,707828
genislemeyen,20292586,29,4,1,2,7,7,0,15,76565,9217,4751,759363
genislemeyen,20292586,30,4,1,2,8,6,2,12,91150,6761,4617,821390
genislemeyen,20292586,31,4,1,2,6,4,2,11,99350,5961,4329,888822
genislemeyen,20292586,32,4,1,2,7,7,0,15,89970,8386,4589,949994
genislemeyen,20292586,33,4,1,2,5,5,0,15,92350,9031,4917,1012187
genislemeyen,20292586,34,4,1,2,11,8,3,16,85950,4933,4207,1070217
genislemeyen,20292586,35,4,1,2,8,8,0,18,116275,8207,4575,692609
genislemeyen,20292586,36,4,1,2,10,9,1,14,71260,9015,4893,741294
genislemeyen,20292586,37,4,1,2,7,6,1,14,77400,8670,5117,793578
genislemeyen,20292586,38,4,1,2,6,6,0,16,77595,8920,5367,846961
genislemeyen,20292586,39,4,1,2,7,6,1,16,89325,7417,5505,907776
genislemeyen,20292586,40,4,1,2,10,9,1,15,82350,6893,5557,963690
genislemeyen,20292586,41,4,1,2,11,8,3,16,109400,5868,5436,1037751
genislemeyen,20292586,42,4,1,2,11,10,1,20,141700,6376,5434,670096
genislemeyen,20292586,43,4,1,2,7,7,0,17,98380,8300,5774,737289
genislemeyen,20292586,44,4,1,2,8,8,0,17,111525,8585,5984,813859
genislemeyen,20292586,45,4,1,2,11,10,1,17,103555,7834,6108,884349
genislemeyen,20292586,46,4,1,2,11,10,1,16,73460,7806,6093,934081
genislemeyen,20292586,47,4,1,2,7,5,2,13,121900,6837,5758,1017497
genislemeyen,20292586,48,4,1,2,13,11,2,18,88850,7456,4865,1077590
genislemeyen,20292586,49,4,1,2,13,9,4,13,83300,6994,4614,664002
genislemeyen,20292586,50,4,1,2,5,4,1,14,116700,8528,4925,743034
genislemeyen,20292586,51,4,1,2,11,9,2,12,57800,7156,4794,781912
genislemeyen,20292586,52,4,1,2,7,7,0,16,79680,8120,5146,836019
genislemeyen,20292586,53,4,1,2,4,4,0,16,94550,3386,4512,899737
genislemeyen,20292586,54,4,1,2,5,5,0,15,91610,9525,4986,963024
genislemeyen,20292586,55,4,1,2,7,6,1,19,129700,7932,5187,1051117
genislemeyen,20292586,56,4,1,2,13,10,3,16,104780,6522,4992,646636
genislemeyen,20292586,57,4,1,2,9,8,1,15,101380,7683,5091,716050
genislemeyen,20292586,58,4,1,2,7,7,0,16,95040,8702,5495,780836
genislemeyen,20292586,59,4,1,2,7,5,2,13,62900,9516,5641,823577
genislemeyen,20292586,60,4,1,2,9,7,2,14,66450,9669,5863,868296
genislemeyen,20300505,1,4,1,0,5,5,0,13,54850,5144,2840,836891
genislemeyen,20300505,2,4,1,0,6,5,1,12,55000,4138,2527,874100
genislemeyen,20300505,3,4,1,1,7,6,1,11,62500,7336,2585,916294
genislemeyen,20300505,4,4,1,1,7,7,0,12,63200,6417,2624,958990
genislemeyen,20300505,5,4,1,1,7,7,0,12,65850,7216,2661,1003764
genislemeyen,20300505,6,4,1,1,7,7,0,15,76350,9291,3299,1055242
genislemeyen,20300505,7,4,1,1,11,9,2,13,92250,6215,2977,753146
genislemeyen,20300505,8,4,1,1,8,8,0,13,60700,8366,3133,794198
genislemeyen,20300505,9,4,1,1,8,7,1,11,61050,8621,3654,835691
genislemeyen,20300505,10,4,1,1,6,6,0,14,62025,7892,3734,877973
genislemeyen,20300505,11,4,1,1,7,6,1,12,55550,5706,3683,915529
genislemeyen,20300505,12,4,1,2,6,2,4,7,38450,9797,3439,942568
genislemeyen,20300505,13,4,1,2,6,5,1,15,86600,7450,3566,1001283
genislemeyen,20300505,14,4,1,2,7,7,0,17,103750,9818,4229,629727
genislemeyen,20300505,15,4,1,2,8,7,1,14,66050,9833,4687,674209
genislemeyen,20300505,16,4,1,2,9,8,1,14,93250,6553,4490,737386
genislemeyen,20300505,17,4,1,2,6,5,1,14,93050,7401,4539,800776
genislemeyen,20300505,18,4,1,2,10,9,1,14,88200,9565,4818,860500
genislemeyen,20300505,19,4,1,2,10,10,0,16,99980,8471,5287,928265
genislemeyen,20300505,20,4,1,2,10,8,2,17,122030,7981,5421,1012556
genislemeyen,20300505,21,4,1,2,10,8,2,18,103350,6425,5309,635435
genislemeyen,20300505,22,4,1,2,8,8,0,16,82150,9205,5586,690867
genislemeyen,20300505,23,4,1,2,9,9,0,17,90850,9077,5787,752429
genislemeyen,20300505,24,4,1,2,8,8,0,17,92510,8425,5955,815095
genislemeyen,20300505,25,4,1,2,10,10,0,18,100720,8880,6178,883330
genislemeyen,20300505,26,4,1,2,9,8,1,17,93990,5223,6163,948412
genislemeyen,20300505,27,4,1,2,13,10,3,17,100415,8136,6311,1016802
genislemeyen,20300505,28,4,1,2,14,11,3,18,119550,4846,5835,645225
genislemeyen,20300505,29,4,1,2,10,10,0,17,98600,7011,5906,711875
genislemeyen,20300505,30,4,1,2,8,7,1,15,123185,6650,5882,796047
genislemeyen,20300505,31,4,1,2,8,8,0,17,84500,9587,6238,852882
genislemeyen,20300505,32,4,1,2,9,9,0,18,108000,6003,6162,925775
genislemeyen,20300505,33,4,1,2,7,6,1,17,88895,8717,6375,986456
genislemeyen,20300505,34,4,1,2,14,11,3,20,128660,8632,6483,1073833
genislemeyen,20300505,35,4,1,2,8,7,1,21,132400,7154,6545,705619
genislemeyen,20300505,36,4,1,2,9,7,2,12,65500,7372,6129,750096
genislemeyen,20300505,37,4,1,2,7,7,0,18,106600,6050,6032,822592
genislemeyen,20300505,38,4,1,2,9,8,1,17,87150,7510,6171,881541
genislemeyen,20300505,39,4,1,2,10,8,2,15,98690,8593,6441,948955
genislemeyen,20300505,40,4,1,2,7,6,1,16,79220,7148,6540,1002706
genislemeyen,20300505,41,4,1,2,10,6,4,14,114535,6323,5824,1081604
genislemeyen,20300505,42,4,1,2,9,8,1,21,107200,5446,4811,690804
genislemeyen,20300505,43,4,1,2,8,7,1,14,68410,7272,4903,737014
genislemeyen,20300505,44,4,1,2,6,6,0,16,91655,6780,5023,799980
genislemeyen,20300505,45,4,1,2,10,7,3,12,92570,8914,5118,863511
genislemeyen,20300505,46,4,1,2,8,8,0,16,101850,9869,5446,932998
genislemeyen,20300505,47,4,1,2,8,8,0,17,133290,5632,5347,1023951
genislemeyen,20300505,48,4,1,2,9,7,2,15,98700,8120,5153,1090977
genislemeyen,20300505,49,4,1,2,11,9,2,15,102300,6626,4743,690366
genislemeyen,20300505,50,4,1,2,9,9,0,16,113850,6559,4541,767533
genislemeyen,20300505,51,4,1,2,12,11,1,12,79650,8158,4563,821660
genislemeyen,20300505,52,4,1,2,9,8,1,14,89100,7333,4668,882327
genislemeyen,20300505,53,4,1,2,8,8,0,15,126210,5422,4224,968909
genislemeyen,20300505,54,4,1,2,9,9,0,15,122160,6277,4225,1052496
genislemeyen,20300505,55,4,1,2,8,7,1,16,117450,7044,4320,1133254
genislemeyen,20300505,56,4,1,2,12,10,2,16,83185,7771,4535,714011
genislemeyen,20300505,57,4,1,2,8,5,3,11,104600,9560,4693,785147
genislemeyen,20300505,58,4,1,2,8,7,1,15,108370,8977,4978,860387
genislemeyen,20300505,59,4,1,2,7,7,0,16,87700,6871,5046,919571
genislemeyen,20300505,60,4,1,2,6,3,3,7,62080,9888,4652,961947
genislemeyen,20308424,1,4,1,0,7,7,0,13,75900,9333,3462,851558
genislemeyen,20308424,2,4,1,0,8,7,1,13,73900,9152,3701,901920
genislemeyen,20308424,3,4,1,0,6,6,0,14,74630,9501,4319,952380
genislemeyen,20308424,4,4,1,0,11,10,1,14,59750,8409,4481,992719
genislemeyen,20308424,5,4,1,0,9,9,0,15,97100,6080,4342,1059358
genislemeyen,20308424,6,4,1,0,5,4,1,18,76700,7586,4584,1110946
genislemeyen,20308424,7,4,1,1,11,9,2,17,94150,8010,4677,881658
genislemeyen,20308424,8,4,1,1,9,8,1,14,66470,7366,4622,926877
genislemeyen,20308424,9,4,1,2,7,6,1,14,69600,9160,4804,974076
genislemeyen,20308424,10,4,1,2,5,5,0,16,87000,9874,5344,1034198
genislemeyen,20308424,11,4,1,2,7,7,0,17,97750,6261,5387,1100490
genislemeyen,20308424,12,4,1,2,6,6,0,17,87625,7057,5551,1160612
genislemeyen,20308424,13,4,1,2,8,7,1,19,106220,6241,5422,1233089
genislemeyen,20308424,14,4,1,2,11,9,2,16,79950,8307,5086,845514
genislemeyen,20308424,15,4,1,2,8,8,0,16,85600,8562,5346,903329
genislemeyen,20308424,16,4,1,2,9,9,0,17,89100,9056,5581,963328
genislemeyen,20308424,17,4,1,2,7,5,2,14,110420,8864,5724,1039410
genislemeyen,20308424,18,4,1,2,10,9,1,16,104500,5978,5814,1110316
genislemeyen,20308424,19,4,1,2,9,7,2,13,71850,7198,5877,1159218
genislemeyen,20308424,20,4,1,2,11,9,2,18,92900,7684,5945,1221763
genislemeyen,20308424,21,4,1,2,13,10,3,17,104565,7100,5952,846525
genislemeyen,20308424,22,4,1,2,11,9,2,15,74050,5820,5508,896491
genislemeyen,20308424,23,4,1,2,11,9,2,14,96050,6771,5609,961345
genislemeyen,20308424,24,4,1,2,8,8,0,17,89300,8166,5759,1021387
genislemeyen,20308424,25,4,1,2,9,7,2,13,77550,8852,5854,1073956
genislemeyen,20308424,26,4,1,2,8,5,3,12,78250,9414,6038,1126826
genislemeyen,20308424,27,4,1,2,10,6,4,16,101015,9295,6259,1195471
genislemeyen,20308424,28,4,1,2,9,6,3,14,91450,5365,5221,805377
genislemeyen,20308424,29,4,1,2,7,7,0,16,79820,7241,5313,859836
genislemeyen,20308424,30,4,1,2,7,6,1,15,98085,7598,5551,926689
genislemeyen,20308424,31,4,1,2,8,7,1,15,72050,5591,5302,975403
genislemeyen,20308424,32,4,1,2,7,7,0,16,95500,8790,5521,1040010
genislemeyen,20308424,33,4,1,2,8,7,1,16,110940,7819,5647,1116073
genislemeyen,20308424,34,4,1,2,10,9,1,16,97600,6819,5236,1182066
genislemeyen,20308424,35,4,1,2,5,5,0,20,113500,8063,5557,801354
genislemeyen,20308424,36,4,1,2,10,8,2,14,89110,6018,5024,862097
genislemeyen,20308424,37,4,1,2,6,5,1,14,95635,9764,5423,926831
genislemeyen,20308424,38,4,1,2,10,9,1,14,105250,9298,5472,1000653
genislemeyen,20308424,39,4,1,2,8,8,0,17,92340,5692,5397,1063419
genislemeyen,20308424,40,4,1,2,8,7,1,16,90220,4363,5045,1124755
genislemeyen,20308424,41,4,1,2,10,9,1,18,108800,7531,5133,1198654
genislemeyen,20308424,42,4,1,2,12,10,2,14,73830,7948,4898,785258
genislemeyen,20308424,43,4,1,2,8,6,2,13,106000,8355,5055,857312
genislemeyen,20308424,44,4,1,2,9,8,1,15,85900,8960,5257,915481
genislemeyen,20308424,45,4,1,2,9,9,0,16,108900,8255,5440,989534
genislemeyen,20308424,46,4,1,2,6,6,0,17,119650,9528,5761,1070776
genislemeyen,20308424,47,4,1,2,5,3,2,13,88800,6251,5456,1131497
genislemeyen,20308424,48,4,1,2,12,11,1,18,123395,5578,4883,1216874
genislemeyen,20308424,49,4,1,2,6,4,2,14,82500,7343,4684,803069
genislemeyen,20308424,50,4,1,2,9,9,0,15,80265,8190,4913,857602
genislemeyen,20308424,51,4,1,2,6,5,1,15,77250,8749,5159,910058
genislemeyen,20308424,52,4,1,2,6,6,0,16,97800,9248,5560,976392
genislemeyen,20308424,53,4,1,2,5,5,0,17,75550,6972,5696,1027378
genislemeyen,20308424,54,4,1,2,7,7,0,17,92700,8358,5906,1089927
genislemeyen,20308424,55,4,1,2,10,6,4,12,95365,8253,5119,1155588
genislemeyen,20308424,56,4,1,2,8,8,0,20,108810,6251,5144,753588
genislemeyen,20308424,57,4,1,2,8,7,1,15,80100,3759,4604,808109
genislemeyen,20308424,58,4,1,2,7,6,1,14,71900,9159,4889,857224
genislemeyen,20308424,59,4,1,2,8,5,3,11,84150,6254,4563,914401
genislemeyen,20308424,60,4,1,2,6,5,1,13,67200,4473,4260,959919
genislemeyen,20316343,1,4,1,0,8,6,2,10,43850,8371,3089,829703
genislemeyen,20316343,2,4,1,1,7,5,2,11,59400,9632,3349,869974
genislemeyen,20316343,3,4,1,1,6,5,1,10,43730,9366,3404,899875
genislemeyen,20316343,4,4,1,1,6,6,0,13,74320,8367,3667,950321
genislemeyen,20316343,5,4,1,1,8,8,0,14,67615,9549,3956,996439
genislemeyen,20316343,6,4,1,1,9,7,2,14,72930,6759,3803,1046082
genislemeyen,20316343,7,4,1,1,8,8,0,18,108640,9868,4446,756738
genislemeyen,20316343,8,4,1,1,8,7,1,14,74700,7043,4523,807343
genislemeyen,20316343,9,4,1,1,7,7,0,15,66000,9447,4842,852519
genislemeyen,20316343,10,4,1,1,6,6,0,16,71150,8890,5268,900666
genislemeyen,20316343,11,4,1,1,8,8,0,16,87000,7844,5429,959492
genislemeyen,20316343,12,4,1,1,12,11,1,15,69600,7788,5624,1006757
genislemeyen,20316343,13,4,1,2,13,9,4,16,83750,6257,5206,1063410
genislemeyen,20316343,14,4,1,2,15,14,1,19,98030,8242,5335,688486
genislemeyen,20316343,15,4,1,2,7,6,1,16,99955,9863,5690,756257
genislemeyen,20316343,16,4,1,2,7,5,2,14,119050,8473,5848,837013
genislemeyen,20316343,17,4,1,2,12,10,2,15,98850,7143,5880,903814
genislemeyen,20316343,18,4,1,2,9,4,5,9,63240,7697,5527,947596
genislemeyen,20316343,19,4,1,2,9,6,3,14,81450,6942,5341,1002899
genislemeyen,20316343,20,4,1,2,7,6,1,17,100370,5214,4829,1071586
genislemeyen,20316343,21,4,1,2,12,11,1,19,107350,8467,5023,696719
genislemeyen,20316343,22,4,1,2,9,8,1,15,78075,8384,5172,750351
genislemeyen,20316343,23,4,1,2,7,7,0,16,78450,7888,5305,803264
genislemeyen,20316343,24,4,1,2,8,8,0,16,84250,9075,5629,860029
genislemeyen,20316343,25,4,1,2,10,9,1,16,79270,5593,5477,913806
genislemeyen,20316343,26,4,1,2,8,8,0,17,137760,5536,5300,1008498
genislemeyen,20316343,27,4,1,2,11,11,0,21,137800,6499,5402,1101948
genislemeyen,20316343,28,4,1,2,10,8,2,17,95950,7707,5579,714290
genislemeyen,20316343,29,4,1,2,7,6,1,15,122000,6097,5322,796818
genislemeyen,20316343,30,4,1,2,7,6,1,15,89200,7224,5349,856861
genislemeyen,20316343,31,4,1,2,7,7,0,17,62900,9847,5698,899199
genislemeyen,20316343,32,4,1,2,11,10,1,14,78300,8518,5713,952422
genislemeyen,20316343,33,4,1,2,10,10,0,17,106385,9154,6166,1026102
genislemeyen,20316343,34,4,1,2,14,10,4,16,103250,5187,5208,1096291
genislemeyen,20316343,35,4,1,2,11,8,3,13,96950,7191,4916,704154
genislemeyen,20316343,36,4,1,2,7,7,0,16,83190,9172,5223,761335
genislemeyen,20316343,37,4,1,2,10,9,1,15,82200,7521,5338,816853
genislemeyen,20316343,38,4,1,2,8,7,1,15,84550,8034,5127,874033
genislemeyen,20316343,39,4,1,2,7,5,2,13,89900,9870,5359,935026
genislemeyen,20316343,40,4,1,2,11,10,1,16,80515,8168,5476,989886
genislemeyen,20316343,41,4,1,2,9,9,0,21,135670,5981,5477,1082694
genislemeyen,20316343,42,4,1,2,12,10,2,15,86550,8313,5292,677028
genislemeyen,20316343,43,4,1,2,7,7,0,16,72990,8636,5577,727082
genislemeyen,20316343,44,4,1,2,10,10,0,17,110415,8065,5692,802794
genislemeyen,20316343,45,4,1,2,10,8,2,12,86150,9338,5618,861254
genislemeyen,20316343,46,4,1,2,8,7,1,16,90500,8589,5805,923180
genislemeyen,20316343,47,4,1,2,7,5,2,13,84800,8617,5860,980827
genislemeyen,20316343,48,4,1,2,10,7,3,18,116470,8121,5957,1059807
genislemeyen,20316343,49,4,1,2,10,8,2,20,107750,5454,5535,662693
genislemeyen,20316343,50,4,1,2,7,7,0,17,101060,8216,5718,731227
genislemeyen,20316343,51,4,1,2,8,6,2,13,63750,7230,5538,774331
genislemeyen,20316343,52,4,1,2,8,7,1,16,77950,8677,5745,827086
genislemeyen,20316343,53,4,1,2,7,6,1,16,107600,8486,5982,902385
genislemeyen,20316343,54,4,1,2,9,5,4,11,58750,8056,5811,942236
genislemeyen,20316343,55,4,1,2,13,9,4,17,96050,7309,5768,1007275
genislemeyen,20316343,56,4,1,2,11,7,4,16,93650,7475,5528,594519
genislemeyen,20316343,57,4,1,2,8,8,0,17,117155,8699,5783,674071
genislemeyen,20316343,58,4,1,2,6,5,1,15,86810,8550,5982,732777
genislemeyen,20316343,59,4,1,2,9,6,3,13,93170,3030,5204,797102
genislemeyen,20316343,60,4,1,2,7,7,0,16,102975,7999,5476,867677
genislemeyen,20324262,1,4,1,0,7,7,0,13,59400,8147,3130,840260
genislemeyen,20324262,2,4,1,0,7,6,1,12,57150,8238,3419,878823
genislemeyen,20324262,3,4,1,1,7,6,1,12,52150,6575,2594,913937
genislemeyen,20324262,4,4,1,1,4,4,0,12,78750,9870,3036,968305
genislemeyen,20324262,5,4,1,1,5,5,0,13,60120,9344,3436,1009497
genislemeyen,20324262,6,4,1,1,9,8,1,16,73550,7962,3684,1059038
genislemeyen,20324262,7,4,1,1,5,5,0,17,76480,8708,4213,747225
genislemeyen,20324262,8,4,1,1,8,7,1,13,54440,5899,4083,784201
genislemeyen,20324262,9,4,1,1,9,9,0,15,72355,6611,4095,833377
genislemeyen,20324262,10,4,1,1,6,6,0,15,66450,9157,4443,878710
genislemeyen,20324262,11,4,1,1,9,9,0,15,68635,8243,4632,925488
genislemeyen,20324262,12,4,1,1,8,7,1,13,59950,8797,4754,966275
genislemeyen,20324262,13,4,1,1,8,8,0,20,97390,7589,4938,1032396
genislemeyen,20324262,14,4,1,1,9,6,3,15,75850,4633,3993,715328
genislemeyen,20324262,15,4,1,1,5,5,0,14,80450,9149,4476,769836
genislemeyen,20324262,16,4,1,1,9,9,0,15,70080,9473,4790,817331
genislemeyen,20324262,17,4,1,1,8,8,0,16,80430,7748,4927,872872
genislemeyen,20324262,18,4,1,1,8,6,2,13,98200,5900,4670,939679
genislemeyen,20324262,19,4,1,2,7,6,1,13,84500,7010,4589,996813
genislemeyen,20324262,20,4,1,2,7,5,2,16,112480,7843,4684,1074325
genislemeyen,20324262,21,4,1,2,12,11,1,18,84610,8041,4882,684740
genislemeyen,20324262,22,4,1,2,10,7,3,11,63600,8153,4682,727941
genislemeyen,20324262,23,4,1,2,8,8,0,15,88420,9492,4974,787917
genislemeyen,20324262,24,4,1,2,8,7,1,15,81950,9226,5248,843445
genislemeyen,20324262,25,4,1,2,8,8,0,16,74720,6063,5218,894232
genislemeyen,20324262,26,4,1,2,8,8,0,16,76400,6726,5254,945645
genislemeyen,20324262,27,4,1,2,11,10,1,19,109690,9354,5501,1020771
genislemeyen,20324262,28,4,1,2,14,14,0,21,102800,8119,5937,637506
genislemeyen,20324262,29,4,1,2,5,5,0,17,93550,5828,5963,700625
genislemeyen,20324262,30,4,1,2,9,8,1,16,84950,6588,5781,758109
genislemeyen,20324262,31,4,1,2,8,7,1,14,96800,8463,5854,824055
genislemeyen,20324262,32,4,1,2,7,5,2,14,111085,3526,5079,900228
genislemeyen,20324262,33,4,1,2,11,10,1,15,92145,8216,5221,963341
genislemeyen,20324262,34,4,1,2,9,9,0,20,86255,8274,5644,1021393
genislemeyen,20324262,35,4,1,2,12,9,3,14,77250,7356,5239,615423
genislemeyen,20324262,36,4,1,2,8,8,0,16,90800,7779,5397,676795
genislemeyen,20324262,37,4,1,2,6,5,1,11,97670,9889,5320,744125
genislemeyen,20324262,38,4,1,2,9,8,1,16,104900,7501,5466,815648
genislemeyen,20324262,39,4,1,2,7,7,0,17,68700,8415,5731,862529
genislemeyen,20324262,40,4,1,2,9,7,2,14,77700,6580,5527,915173
genislemeyen,20324262,41,4,1,2,9,7,2,18,146295,7578,5544,1015747
genislemeyen,20324262,42,4,1,2,11,9,2,19,109940,8573,5787,626734
genislemeyen,20324262,43,4,1,2,11,10,1,15,96200,8849,5923,691655
genislemeyen,20324262,44,4,1,2,8,8,0,17,91300,8791,6193,753702
genislemeyen,20324262,45,4,1,2,10,10,0,18,82370,8949,6471,809336
genislemeyen,20324262,46,4,1,2,10,7,3,14,107550,6536,6326,882784
genislemeyen,20324262,47,4,1,2,8,7,1,15,84130,7219,6337,940721
genislemeyen,20324262,48,4,1,2,11,6,5,14,90000,5192,5485,1001655
genislemeyen,20324262,49,4,1,2,13,11,2,15,88300,7968,4751,591864
genislemeyen,20324262,50,4,1,2,8,7,1,15,98230,9349,5051,659283
genislemeyen,20324262,51,4,1,2,7,7,0,16,87300,9855,5423,718832
genislemeyen,20324262,52,4,1,2,10,9,1,16,88730,8286,5563,778870
genislemeyen,20324262,53,4,1,2,6,5,1,16,86250,5815,5426,837394
genislemeyen,20324262,54,4,1,2,7,6,1,16,84325,8339,5639,895129
genislemeyen,20324262,55,4,1,2,12,11,1,18,106960,7702,5741,967672
genislemeyen,20324262,56,4,1,2,8,7,1,19,120805,6824,5758,574835
genislemeyen,20324262,57,4,1,2,11,7,4,12,79150,4896,4813,629123
genislemeyen,20324262,58,4,1,2,9,9,0,16,104850,8562,5120,699948
genislemeyen,20324262,59,4,1,2,6,6,0,16,88140,5556,4941,760353
genislemeyen,20324262,60,4,1,2,9,9,0,16,84000,7214,5034,817367
genislemeyen,20332181,1,4,1,0,6,6,0,13,72450,8991,3377,848982
genislemeyen,20332181,2,4,1,0,5,5,0,13,65220,4212,2720,893541
genislemeyen,20332181,3,4,1,0,6,6,0,12,75950,9206,3007,945062
genislemeyen,20332181,4,4,1,0,8,7,1,12,62950,6875,2987,987788
genislemeyen,20332181,5,4,1,0,2,2,0,13,89600,4574,2550,1048572
genislemeyen,20332181,6,4,1,0,9,8,1,14,81455,8351,2853,1104100
genislemeyen,20332181,7,4,1,0,8,8,0,16,86080,6334,2949,869907
genislemeyen,20332181,8,4,1,0,6,6,0,13,73540,9061,3253,920163
genislemeyen,20332181,9,4,1,0,7,5,2,11,58650,9291,3534,960080
genislemeyen,20332181,10,4,1,1,7,6,1,13,51080,7863,3725,995265
genislemeyen,20332181,11,4,1,1,7,7,0,14,69100,8556,4005,1041897
genislemeyen,20332181,12,4,1,1,5,4,1,12,78775,9041,4232,1096490
genislemeyen,20332181,13,4,1,1,7,7,0,18,113050,4984,3710,1173748
genislemeyen,20332181,14,4,1,1,7,7,0,17,84350,8797,4367,862191
genislemeyen,20332181,15,4,1,1,9,8,1,14,58050,9170,4583,901425
genislemeyen,20332181,16,4,1,2,8,6,2,10,55715,9879,4692,939395
genislemeyen,20332181,17,4,1,2,9,8,1,15,86240,8868,4857,998046
genislemeyen,20332181,18,4,1,2,8,7,1,14,85350,8131,4984,1055704
genislemeyen,20332181,19,4,1,2,7,6,1,14,99470,9542,5201,1124524
genislemeyen,20332181,20,4,1,2,11,9,2,18,120490,7456,5350,1206315
genislemeyen,20332181,21,4,1,2,11,10,1,20,115675,5919,5364,838470
genislemeyen,20332181,22,4,1,2,10,7,3,13,85105,8113,5370,896887
genislemeyen,20332181,23,4,1,2,8,8,0,17,79300,8203,5565,950978
genislemeyen,20332181,24,4,1,2,9,9,0,17,77050,6386,5518,1003001
genislemeyen,20332181,25,4,1,2,9,7,2,13,82770,5909,5293,1059544
genislemeyen,20332181,26,4,1,2,8,8,0,16,98600,8695,5479,1126753
genislemeyen,20332181,27,4,1,2,7,4,3,13,116500,8369,5266,1206038
genislemeyen,20332181,28,4,1,2,14,7,7,11,67770,6611,4474,800305
genislemeyen,20332181,29,4,1,2,9,9,0,15,87075,7366,4575,859275
genislemeyen,20332181,30,4,1,2,8,8,0,15,72755,9168,4846,908774
genislemeyen,20332181,31,4,1,2,9,8,1,14,92950,8439,4968,971831
genislemeyen,20332181,32,4,1,2,10,8,2,13,94570,7135,5154,1036947
genislemeyen,20332181,33,4,1,2,7,4,3,11,100990,8131,5217,1106822
genislemeyen,20332181,34,4,1,2,11,8,3,15,85890,7240,5154,1165571
genislemeyen,20332181,35,4,1,2,12,10,2,17,100920,8033,5272,776457
genislemeyen,20332181,36,4,1,2,8,8,0,16,88365,9457,5594,836949
genislemeyen,20332181,37,4,1,2,9,5,4,11,62050,4980,4766,879053
genislemeyen,20332181,38,4,1,2,8,8,0,16,91600,7006,4868,941255
genislemeyen,20332181,39,4,1,2,10,9,1,14,88150,8459,5028,1002186
genislemeyen,20332181,40,4,1,2,9,7,2,14,99845,9421,5226,1070096
genislemeyen,20332181,41,4,1,2,9,9,0,20,125200,6407,5247,1155134
genislemeyen,20332181,42,4,1,2,10,8,2,17,112800,5626,4951,767698
genislemeyen,20332181,43,4,1,2,8,7,1,13,83850,8350,5038,824407
genislemeyen,20332181,44,4,1,2,9,7,2,14,97270,8470,5181,891686
genislemeyen,20332181,45,4,1,2,6,5,1,15,102300,5277,4939,961658
genislemeyen,20332181,46,4,1,2,8,7,1,15,94475,9154,5246,1026204
genislemeyen,20332181,47,4,1,2,10,10,0,16,96660,5684,5174,1092149
genislemeyen,20332181,48,4,1,2,8,7,1,19,119345,4158,4262,1172909
genislemeyen,20332181,49,4,1,2,9,9,0,19,109150,6357,4321,776965
genislemeyen,20332181,50,4,1,2,7,7,0,15,83400,6582,4436,833285
genislemeyen,20332181,51,4,1,2,6,6,0,15,90125,8889,4749,894944
genislemeyen,20332181,52,4,1,2,9,7,2,11,79750,9007,4857,949273
genislemeyen,20332181,53,4,1,2,11,11,0,16,88850,6812,5021,1009438
genislemeyen,20332181,54,4,1,2,10,10,0,16,82450,8387,5211,1065084
genislemeyen,20332181,55,4,1,2,13,13,0,20,113730,7619,5333,1142545
genislemeyen,20332181,56,4,1,2,6,6,0,21,101765,8006,5661,735805
genislemeyen,20332181,57,4,1,2,8,7,1,15,76400,6563,5610,787278
genislemeyen,20332181,58,4,1,2,10,10,0,17,100100,8220,5796,855435
genislemeyen,20332181,59,4,1,2,8,8,0,17,79850,8341,6065,909258
genislemeyen,20332181,60,4,1,2,8,8,0,18,99220,7787,6301,977054
yuksek_fiyat,20260910,1,4,1,0,6,5,1,11,70655,5987,2843,853132
yuksek_fiyat,20260910,2,4,1,0,8,8,0,13,84760,5927,2875,916924
yuksek_fiyat,20260910,3,4,1,0,6,4,2,11,93665,6947,2913,987571
yuksek_fiyat,20260910,4,4,1,1,8,7,1,12,62595,5188,2832,1034534
yuksek_fiyat,20260910,5,4,1,1,7,6,1,12,61035,6004,2776,1080368
yuksek_fiyat,20260910,6,4,1,2,10,9,1,15,118040,5504,2730,1169308
yuksek_fiyat,20260910,7,4,1,2,6,6,0,15,142285,5765,2685,840359
yuksek_fiyat,20260910,8,4,1,2,7,6,1,11,50180,5028,2630,877891
yuksek_fiyat,20260910,9,4,1,2,6,6,0,12,76245,6347,2651,934914
yuksek_fiyat,20260910,10,4,1,2,5,5,0,12,71890,6267,2732,988666
yuksek_fiyat,20260910,11,4,1,2,6,6,0,12,103285,5903,2670,1066492
yuksek_fiyat,20260910,12,4,1,2,8,8,0,12,89700,6462,2701,1133900
yuksek_fiyat,20260910,13,4,1,2,9,8,1,14,103935,5104,2510,1212187
yuksek_fiyat,20260910,14,4,1,2,9,7,2,12,81900,5791,2263,832206
yuksek_fiyat,20260910,15,4,1,2,5,5,0,12,88985,6817,2397,899282
yuksek_fiyat,20260910,16,4,1,2,6,6,0,12,70330,5394,2335,952332
yuksek_fiyat,20260910,17,4,1,2,6,6,0,12,91065,7013,2422,1020625
yuksek_fiyat,20260910,18,4,1,2,6,5,1,11,102960,5857,2365,1098111
yuksek_fiyat,20260910,19,4,1,2,5,5,0,12,89765,5655,2271,1165688
yuksek_fiyat,20260910,20,4,1,2,7,5,2,13,109655,5675,2181,1248367
yuksek_fiyat,20260910,21,4,1,2,8,8,0,14,102570,6249,2208,878440
yuksek_fiyat,20260910,22,4,1,2,6,6,0,12,91715,4840,1892,947195
yuksek_fiyat,20260910,23,4,1,2,3,3,0,11,117715,7781,2185,1036178
yuksek_fiyat,20260910,24,4,1,2,8,8,0,11,72800,6185,2196,1090816
yuksek_fiyat,20260910,25,4,1,2,5,4,1,11,92105,6141,2200,1160432
yuksek_fiyat,20260910,26,4,1,2,4,3,1,10,66170,6261,1238,1210114
yuksek_fiyat,20260910,27,4,1,2,6,6,0,12,101660,6941,1342,1286530
yuksek_fiyat,20260910,28,4,1,2,7,7,0,13,85280,5643,1249,898087
yuksek_fiyat,20260910,29,4,1,2,4,3,1,9,72540,5375,1137,952846
yuksek_fiyat,20260910,30,4,1,2,5,5,0,10,61100,6123,1133,998830
yuksek_fiyat,20260910,31,4,1,2,6,5,1,9,77415,5084,991,1057434
yuksek_fiyat,20260910,32,4,1,2,9,9,0,10,89115,4228,828,1124353
yuksek_fiyat,20260910,33,4,1,2,6,6,0,9,52065,5654,781,1163257
yuksek_fiyat,20260910,34,4,1,2,8,6,2,10,65130,4474,468,1211871
yuksek_fiyat,20260910,35,4,1,2,5,5,0,11,98345,3549,230,827781
yuksek_fiyat,20260910,36,4,1,2,3,3,0,8,50505,6874,277,865567
yuksek_fiyat,20260910,37,4,1,2,3,3,0,8,58240,5731,253,909369
yuksek_fiyat,20260910,38,4,1,2,4,3,1,6,38025,7169,143,938008
yuksek_fiyat,20260910,39,4,1,2,4,3,1,6,55640,6258,0,979951
yuksek_fiyat,20260910,40,4,1,2,6,6,0,8,97890,4844,0,1053911
yuksek_fiyat,20260910,41,4,1,2,6,6,0,10,98033,6735,21,1128367
yuksek_fiyat,20260910,42,4,1,2,6,6,0,10,68575,2754,0,715844
yuksek_fiyat,20260910,43,4,1,2,4,4,0,8,43160,7342,109,748127
yuksek_fiyat,20260910,44,4,1,2,5,4,1,7,66300,5754,46,798170
yuksek_fiyat,20260910,45,4,1,2,4,4,0,8,72605,6024,31,852346
yuksek_fiyat,20260910,46,4,1,2,4,4,0,8,57460,7262,109,895324
yuksek_fiyat,20260910,47,4,1,2,5,4,1,7,52325,7036,117,934821
yuksek_fiyat,20260910,48,4,1,2,8,8,0,10,88985,6743,202,1002158
yuksek_fiyat,20260910,49,4,1,2,6,5,1,9,64155,7248,275,580370
yuksek_fiyat,20260910,50,4,1,2,4,4,0,8,61035,5352,199,626324
yuksek_fiyat,20260910,51,4,1,2,3,2,1,6,61360,5573,30,672598
yuksek_fiyat,20260910,52,4,1,2,5,5,0,8,56225,7064,113,714607
yuksek_fiyat,20260910,53,4,1,2,5,5,0,8,61100,7443,637,760507
yuksek_fiyat,20260910,54,4,1,2,7,7,0,9,86060,5528,456,824878
yuksek_fiyat,20260910,55,4,1,2,7,7,0,11,88205,4955,391,891331
yuksek_fiyat,20260910,56,4,1,2,6,5,1,9,88270,6500,324,481911
yuksek_fiyat,20260910,57,4,1,2,4,4,0,9,58045,7286,406,525367
yuksek_fiyat,20260910,58,4,1,2,4,4,0,9,81575,6896,502,587213
yuksek_fiyat,20260910,59,4,1,2,5,5,0,9,80405,4000,357,647488
yuksek_fiyat,20260910,60,4,1,2,5,5,0,9,55055,7110,436,688773
yuksek_fiyat,20268829,1,4,1,0,8,7,1,12,84435,5496,2856,863660
yuksek_fiyat,20268829,2,4,1,0,4,4,0,13,100815,6459,2899,939644
yuksek_fiyat,20268829,3,4,1,0,3,3,0,13,86515,5858,2827,1004951
yuksek_fiyat,20268829,4,4,1,0,6,6,0,13,98150,5106,2815,1078697
yuksek_fiyat,20268829,5,4,1,0,6,5,1,11,101790,5627,2621,1155438
yuksek_fiyat,20268829,6,4,1,1,6,5,1,12,79820,3392,1977,1215481
yuksek_fiyat,20268829,7,4,1,1,7,7,0,14,90935,4201,1670,919233
yuksek_fiyat,20268829,8,4,1,1,6,6,0,11,79235,4915,1451,978842
yuksek_fiyat,20268829,9,4,1,1,5,5,0,10,64350,7106,1532,1027263
yuksek_fiyat,20268829,10,4,1,1,6,6,0,10,74360,4888,1427,1083141
yuksek_fiyat,20268829,11,4,1,1,6,6,0,10,78455,5122,1375,1142256
yuksek_fiyat,20268829,12,4,1,1,8,8,0,10,69030,3773,1181,1194308
yuksek_fiyat,20268829,13,4,1,1,6,6,0,12,92950,2855,694,1264140
yuksek_fiyat,20268829,14,4,1,1,7,7,0,11,60190,7060,794,940807
yuksek_fiyat,20268829,15,4,1,1,5,5,0,9,55250,5918,773,982258
yuksek_fiyat,20268829,16,4,1,1,6,6,0,9,79755,5736,742,1042284
yuksek_fiyat,20268829,17,4,1,1,3,3,0,9,54730,7376,847,1083367
yuksek_fiyat,20268829,18,4,1,1,6,5,1,8,56485,2898,423,1125646
yuksek_fiyat,20268829,19,4,1,1,5,5,0,9,61100,6366,496,1171569
yuksek_fiyat,20268829,20,4,1,1,3,3,0,11,83460,6679,606,1234370
yuksek_fiyat,20268829,21,4,1,1,7,7,0,11,89115,5281,476,929276
yuksek_fiyat,20268829,22,4,1,1,5,5,0,9,80145,5590,432,989439
yuksek_fiyat,20268829,23,4,1,1,4,4,0,9,53365,5220,349,1029432
yuksek_fiyat,20268829,24,4,1,1,7,7,0,9,61425,5180,239,1075596
yuksek_fiyat,20268829,25,4,1,1,4,2,2,6,48555,3835,0,1112325
yuksek_fiyat,20268829,26,4,1,1,5,5,0,8,72410,4976,0,1167049
yuksek_fiyat,20268829,27,4,1,1,4,4,0,10,70590,6851,83,1220142
yuksek_fiyat,20268829,28,4,1,1,5,5,0,10,97240,5075,0,917563
yuksek_fiyat,20268829,29,4,1,1,4,3,1,7,67795,6022,0,968860
yuksek_fiyat,20268829,30,4,1,1,5,5,0,8,56810,4666,0,1011550
yuksek_fiyat,20268829,31,4,1,1,6,5,1,7,51220,4278,0,1050114
yuksek_fiyat,20268829,32,4,1,1,5,5,0,8,58175,6071,0,1093878
yuksek_fiyat,20268829,33,4,1,1,4,4,0,8,93275,5521,0,1164435
yuksek_fiyat,20268829,34,4,1,1,7,7,0,10,66690,5573,0,1214414
yuksek_fiyat,20268829,35,4,1,1,4,4,0,10,72735,3814,0,888971
yuksek_fiyat,20268829,36,4,1,1,7,7,0,8,64480,4810,0,937576
yuksek_fiyat,20268829,37,4,1,1,4,4,0,8,64675,5935,0,986014
yuksek_fiyat,20268829,38,4,1,1,6,6,0,8,53820,5019,0,1026343
yuksek_fiyat,20268829,39,4,1,1,3,2,1,6,39195,6856,0,1055913
yuksek_fiyat,20268829,40,4,1,2,6,4,2,6,53495,2571,0,1096024
yuksek_fiyat,20268829,41,4,1,2,4,4,0,10,63050,6042,0,1143161
yuksek_fiyat,20268829,42,4,1,2,6,6,0,10,68445,4782,75,730278
yuksek_fiyat,20268829,43,4,1,2,5,5,0,8,62010,6197,62,776998
yuksek_fiyat,20268829,44,4,1,2,4,4,0,8,72410,5804,36,831520
yuksek_fiyat,20268829,45,4,1,2,3,3,0,8,70785,7452,118,884850
yuksek_fiyat,20268829,46,4,1,2,4,4,0,8,83330,6568,150,947732
yuksek_fiyat,20268829,47,4,1,2,5,5,0,8,80665,6655,168,1008548
yuksek_fiyat,20268829,48,4,1,2,5,4,1,8,41860,5179,0,1039978
yuksek_fiyat,20268829,49,4,1,2,4,4,0,10,63830,6947,84,617892
yuksek_fiyat,20268829,50,4,1,2,2,2,0,8,51162,7990,399,657166
yuksek_fiyat,20268829,51,4,1,2,6,6,0,9,50830,6880,471,695267
yuksek_fiyat,20268829,52,4,1,2,6,6,0,9,84110,7367,564,758533
yuksek_fiyat,20268829,53,4,1,2,6,6,0,9,81965,1762,157,820039
yuksek_fiyat,20268829,54,4,1,2,2,2,0,8,62660,6893,230,866967
yuksek_fiyat,20268829,55,4,1,2,6,4,2,8,61165,3715,0,913071
yuksek_fiyat,20268829,56,4,1,2,7,7,0,10,89895,4141,0,504415
yuksek_fiyat,20268829,57,4,1,2,4,3,1,7,57005,5811,0,547472
yuksek_fiyat,20268829,58,4,1,2,5,5,0,8,73125,3573,0,602839
yuksek_fiyat,20268829,59,4,1,2,5,5,0,8,59995,6084,0,647922
yuksek_fiyat,20268829,60,4,1,2,4,4,0,8,53170,6251,73,687891
yuksek_fiyat,20276748,1,4,1,0,7,7,0,13,75075,3905,2765,856331
yuksek_fiyat,20276748,2,4,1,0,7,6,1,10,47775,5585,2623,892244
yuksek_fiyat,20276748,3,4,1,1,7,6,1,11,82290,2541,2118,954135
yuksek_fiyat,20276748,4,4,1,1,6,6,0,11,88920,6592,2153,1020965
yuksek_fiyat,20276748,5,4,1,1,4,4,0,11,85930,6299,2181,1085431
yuksek_fiyat,20276748,6,4,1,1,8,8,0,14,109915,6196,2176,1168206
yuksek_fiyat,20276748,7,4,1,1,9,8,1,13,102895,5912,2165,881117
yuksek_fiyat,20276748,8,4,1,1,3,3,0,11,72280,7930,2468,935095
yuksek_fiyat,20276748,9,4,1,1,5,5,0,12,68640,6321,2517,986557
yuksek_fiyat,20276748,10,4,1,1,6,6,0,12,81770,3407,2086,1048109
yuksek_fiyat,20276748,11,4,1,1,6,5,1,10,70460,3771,1560,1101145
yuksek_fiyat,20276748,12,4,1,1,6,6,0,10,67925,5451,1485,1152244
yuksek_fiyat,20276748,13,4,1,1,7,7,0,13,86385,4140,1176,1217276
yuksek_fiyat,20276748,14,4,1,1,8,6,2,10,56160,4125,946,890999
yuksek_fiyat,20276748,15,4,1,1,3,3,0,10,73060,6643,997,945850
yuksek_fiyat,20276748,16,4,1,1,4,4,0,10,84435,5884,982,1009666
yuksek_fiyat,20276748,17,4,1,1,4,4,0,10,67340,3635,608,1060154
yuksek_fiyat,20276748,18,4,1,1,4,3,1,7,60970,5438,457,1106271
yuksek_fiyat,20276748,19,4,1,1,5,5,0,9,63115,7157,502,1153700
yuksek_fiyat,20276748,20,4,1,1,7,7,0,11,101075,6808,596,1229844
yuksek_fiyat,20276748,21,4,1,1,4,4,0,11,80015,5340,449,918116
yuksek_fiyat,20276748,22,4,1,1,4,4,0,9,74945,6287,468,974361
yuksek_fiyat,20276748,23,4,1,1,6,6,0,9,70525,5092,376,1027364
yuksek_fiyat,20276748,24,4,1,1,3,3,0,9,68575,6401,440,1078910
yuksek_fiyat,20276748,25,4,1,1,6,6,0,9,63375,4292,286,1126717
yuksek_fiyat,20276748,26,4,1,1,4,4,0,8,53820,4307,153,1167125
yuksek_fiyat,20276748,27,4,1,1,8,8,0,10,64155,5734,15,1215176
yuksek_fiyat,20276748,28,4,1,1,6,6,0,10,65520,6126,7,888117
yuksek_fiyat,20276748,29,4,1,1,4,4,0,8,83980,6085,0,951249
yuksek_fiyat,20276748,30,4,1,1,4,4,0,8,61750,5017,0,997553
yuksek_fiyat,20276748,31,4,1,1,4,4,0,8,60905,6147,0,1043419
yuksek_fiyat,20276748,32,4,1,1,4,4,0,8,54860,4899,0,1084744
yuksek_fiyat,20276748,33,4,1,1,3,2,1,5,47645,7404,0,1120706
yuksek_fiyat,20276748,34,4,1,1,5,5,0,10,84175,6735,51,1184099
yuksek_fiyat,20276748,35,4,1,1,6,6,0,10,73840,5301,16,859652
yuksek_fiyat,20276748,36,4,1,1,5,5,0,8,54275,2666,0,900485
yuksek_fiyat,20276748,37,4,1,1,3,3,0,8,56615,6903,52,942734
yuksek_fiyat,20276748,38,4,1,1,5,4,1,7,66235,6909,72,992844
yuksek_fiyat,20276748,39,4,1,1,4,4,0,8,69225,7078,128,1045177
yuksek_fiyat,20276748,40,4,1,1,4,4,0,8,54470,7408,254,1086054
yuksek_fiyat,20276748,41,4,1,1,5,5,0,11,59020,5832,205,1130305
yuksek_fiyat,20276748,42,4,1,1,6,3,3,6,59280,3331,0,790737
yuksek_fiyat,20276748,43,4,1,1,3,3,0,8,58760,6667,74,834937
yuksek_fiyat,20276748,44,4,1,1,6,6,0,8,75920,4320,0,892111
yuksek_fiyat,20276748,45,4,1,1,4,3,1,7,51480,7485,0,930883
yuksek_fiyat,20276748,46,4,1,1,4,4,0,8,81510,6138,0,992166
yuksek_fiyat,20276748,47,4,1,1,6,6,0,8,57265,5208,0,1035171
yuksek_fiyat,20276748,48,4,1,1,9,9,0,10,81185,5609,0,1096299
yuksek_fiyat,20276748,49,4,1,1,5,5,0,10,143780,6584,0,817278
yuksek_fiyat,20276748,50,4,1,1,3,2,1,7,65520,6920,58,866802
yuksek_fiyat,20276748,51,4,1,1,5,5,0,8,70005,5926,48,919548
yuksek_fiyat,20276748,52,4,1,1,4,4,0,8,68770,4358,0,970970
yuksek_fiyat,20276748,53,4,1,1,5,5,0,8,54015,6608,21,1011679
yuksek_fiyat,20276748,54,4,1,1,3,3,0,8,80015,7562,180,1071514
yuksek_fiyat,20276748,55,4,1,1,4,4,0,10,68510,6965,336,1123148
yuksek_fiyat,20276748,56,4,1,1,8,8,0,11,85475,6336,378,794503
yuksek_fiyat,20276748,57,4,1,1,6,6,0,9,61295,5500,308,840590
yuksek_fiyat,20276748,58,4,1,1,6,6,0,8,72475,5769,0,895273
yuksek_fiyat,20276748,59,4,1,1,5,4,1,7,65715,4846,0,945020
yuksek_fiyat,20276748,60,4,1,1,3,3,0,8,62595,5124,0,992339
yuksek_fiyat,20284667,1,4,1,0,6,6,0,13,105885,6347,3055,879635
yuksek_fiyat,20284667,2,4,1,0,4,4,0,13,97500,6474,3094,953112
yuksek_fiyat,20284667,3,4,1,0,3,2,1,10,69537,7823,3203,1006225
yuksek_fiyat,20284667,4,4,1,1,7,4,3,10,67210,5929,2574,1056786
yuksek_fiyat,20284667,5,4,1,1,6,5,1,11,63050,5738,2530,1104042
yuksek_fiyat,20284667,6,4,1,2,10,8,2,13,83265,4819,2245,1166450
yuksek_fiyat,20284667,7,4,1,2,7,7,0,14,116721,3953,1152,818194
yuksek_fiyat,20284667,8,4,1,2,4,4,0,10,71240,6789,1216,872105
yuksek_fiyat,20284667,9,4,1,2,5,4,1,9,67015,4966,1061,922614
yuksek_fiyat,20284667,10,4,1,2,4,3,1,9,85930,5392,912,987328
yuksek_fiyat,20284667,11,4,1,2,5,5,0,9,64935,7208,987,1035951
yuksek_fiyat,20284667,12,4,1,2,6,6,0,10,65195,4259,821,1084930
yuksek_fiyat,20284667,13,4,1,2,5,5,0,12,80600,3962,376,1145717
yuksek_fiyat,20284667,14,4,1,2,8,8,0,11,74750,4703,187,760306
yuksek_fiyat,20284667,15,4,1,2,3,3,0,8,50050,6796,216,797838
yuksek_fiyat,20284667,16,4,1,2,5,4,1,6,43420,6933,175,830626
yuksek_fiyat,20284667,17,4,1,2,5,5,0,8,59280,3700,0,875322
yuksek_fiyat,20284667,18,4,1,2,3,3,0,8,47710,6265,2,911137
yuksek_fiyat,20284667,19,4,1,2,3,3,0,8,63245,5850,0,958342
yuksek_fiyat,20284667,20,4,1,2,5,4,1,9,65975,3792,0,1008159
yuksek_fiyat,20284667,21,4,1,2,4,3,1,8,82875,7750,125,623384
yuksek_fiyat,20284667,22,4,1,2,3,3,0,8,41340,3638,0,654456
yuksek_fiyat,20284667,23,4,1,2,4,4,0,8,76245,5524,0,711717
yuksek_fiyat,20284667,24,4,1,2,4,4,0,8,60060,4854,0,756712
yuksek_fiyat,20284667,25,4,1,2,5,5,0,8,51610,6211,0,795525
yuksek_fiyat,20284667,26,4,1,2,3,3,0,8,86385,6921,54,861007
yuksek_fiyat,20284667,27,4,1,2,5,5,0,10,93340,5830,7,931053
yuksek_fiyat,20284667,28,4,1,2,5,5,0,10,66560,5207,0,528323
yuksek_fiyat,20284667,29,4,1,2,4,4,0,8,64025,7068,61,576586
yuksek_fiyat,20284667,30,4,1,2,3,3,0,8,56485,7320,276,619078
yuksek_fiyat,20284667,31,4,1,2,3,3,0,8,44460,6198,295,652422
yuksek_fiyat,20284667,32,4,1,2,6,5,1,6,49075,2991,0,689565
yuksek_fiyat,20284667,33,4,1,2,3,3,0,8,47385,7077,112,725203
yuksek_fiyat,20284667,34,4,1,2,4,4,0,10,60515,6166,88,770682
yuksek_fiyat,20284667,35,4,1,2,6,6,0,10,65715,5486,29,361885
yuksek_fiyat,20284667,36,4,1,2,6,6,0,8,50505,5095,0,399949
yuksek_fiyat,20284667,37,4,1,2,4,4,0,8,58435,4276,0,443835
yuksek_fiyat,20284667,38,4,1,2,4,4,0,8,69680,4704,0,496369
yuksek_fiyat,20284667,39,4,1,2,6,6,0,8,44330,5291,0,529551
yuksek_fiyat,20284667,40,4,1,2,5,5,0,8,57525,6332,13,572721
yuksek_fiyat,20284667,41,4,1,2,5,4,1,9,57525,6010,0,616030
yuksek_fiyat,20284667,42,4,1,2,6,6,0,10,85215,3015,0,215956
yuksek_fiyat,20284667,43,4,1,2,6,6,0,8,69355,6773,39,268199
yuksek_fiyat,20284667,44,4,1,2,4,4,0,8,64740,5266,0,317071
yuksek_fiyat,20284667,45,4,1,2,5,5,0,8,51220,6818,136,355417
yuksek_fiyat,20284667,46,4,1,2,4,4,0,8,53950,2940,0,396033
yuksek_fiyat,20284667,47,4,1,2,5,5,0,8,74230,6883,16,452042
yuksek_fiyat,20284667,48,4,1,2,4,3,1,8,55770,5560,0,494110
yuksek_fiyat,20284667,49,4,1,2,3,3,0,10,88400,6911,231,90260
yuksek_fiyat,20284667,50,4,1,2,4,4,0,8,86320,6784,366,155283
yuksek_fiyat,20284667,51,4,1,2,4,4,0,9,66365,7417,477,205091
yuksek_fiyat,20284667,52,4,1,2,6,5,1,7,89895,2826,79,273229
yuksek_fiyat,20284667,53,4,1,2,4,4,0,8,77740,6753,493,331750
yuksek_fiyat,20284667,54,4,1,2,4,4,0,9,64870,6767,558,380451
yuksek_fiyat,20284667,55,4,1,2,6,5,1,10,101010,6736,572,456908
yuksek_fiyat,20284667,56,4,1,2,3,3,0,11,94315,1989,0,51722
yuksek_fiyat,20284667,57,4,1,2,7,7,0,8,47125,4398,0,87162
yuksek_fiyat,20284667,58,4,1,2,4,4,0,8,44850,5567,0,120862
yuksek_fiyat,20284667,59,4,1,2,4,4,0,8,61945,4165,0,167661
yuksek_fiyat,20284667,60,4,1,2,5,5,0,8,71890,5611,0,221551
yuksek_fiyat,20292586,1,4,1,0,6,6,0,13,68510,7095,3158,851600
yuksek_fiyat,20292586,2,4,1,0,8,8,0,13,80925,4268,2758,912390
yuksek_fiyat,20292586,3,4,1,0,5,5,0,12,90155,5949,2753,980377
yuksek_fiyat,20292586,4,4,1,0,7,7,0,12,94640,3736,2369,1051530
yuksek_fiyat,20292586,5,4,1,0,7,7,0,12,96395,4921,2222,1124182
yuksek_fiyat,20292586,6,4,1,0,7,7,0,14,83915,5839,2190,1187074
yuksek_fiyat,20292586,7,4,1,0,8,8,0,14,83395,5456,2217,956536
yuksek_fiyat,20292586,8,4,1,0,6,4,2,9,55835,4427,1880,998513
yuksek_fiyat,20292586,9,4,1,0,4,4,0,11,63570,6496,1995,1045982
yuksek_fiyat,20292586,10,4,1,0,9,9,0,11,70395,4863,2027,1098887
yuksek_fiyat,20292586,11,4,1,0,6,6,0,11,58695,5640,1976,1142915
yuksek_fiyat,20292586,12,4,1,0,7,6,1,10,81770,5144,1852,1204583
yuksek_fiyat,20292586,13,4,1,1,7,5,2,11,74750,3318,1311,1260848
yuksek_fiyat,20292586,14,4,1,1,5,5,0,13,94835,5207,1132,963802
yuksek_fiyat,20292586,15,4,1,1,5,5,0,10,59085,6168,1147,1008034
yuksek_fiyat,20292586,16,4,1,1,6,6,0,10,62400,6758,1207,1054805
yuksek_fiyat,20292586,17,4,1,1,5,5,0,10,64285,7240,1342,1103299
yuksek_fiyat,20292586,18,4,1,1,4,4,0,10,73905,6191,1344,1158561
yuksek_fiyat,20292586,19,4,1,1,5,5,0,10,85735,4519,1206,1222961
yuksek_fiyat,20292586,20,4,1,1,5,4,1,10,98410,5917,1428,1297298
yuksek_fiyat,20292586,21,4,1,2,8,7,1,11,69160,6117,1358,976971
yuksek_fiyat,20292586,22,4,1,2,4,4,0,10,54015,5075,1230,1017423
yuksek_fiyat,20292586,23,4,1,2,3,2,1,9,69290,7144,1311,1069116
yuksek_fiyat,20292586,24,4,1,2,5,5,0,10,77415,5272,1213,1127434
yuksek_fiyat,20292586,25,4,1,2,5,5,0,10,68770,5656,866,1179017
yuksek_fiyat,20292586,26,4,1,2,3,3,0,9,52260,3003,400,1218314
yuksek_fiyat,20292586,27,4,1,2,6,5,1,10,70915,6702,402,1271425
yuksek_fiyat,20292586,28,4,1,2,7,6,1,10,110305,3612,94,902241
yuksek_fiyat,20292586,29,4,1,2,4,4,0,8,74425,7196,239,958072
yuksek_fiyat,20292586,30,4,1,2,3,3,0,8,65065,7908,517,1007089
yuksek_fiyat,20292586,31,4,1,2,5,5,0,9,64610,5807,370,1055692
yuksek_fiyat,20292586,32,4,1,2,5,5,0,9,66885,4262,0,1105749
yuksek_fiyat,20292586,33,4,1,2,5,5,0,8,61165,5298,0,1151687
yuksek_fiyat,20292586,34,4,1,2,6,4,2,7,60255,5846,0,1196977
yuksek_fiyat,20292586,35,4,1,2,6,6,0,10,86840,4156,0,804073
yuksek_fiyat,20292586,36,4,1,2,3,3,0,8,88725,7116,83,871109
yuksek_fiyat,20292586,37,4,1,2,5,5,0,8,66235,6152,86,920941
yuksek_fiyat,20292586,38,4,1,2,3,3,0,8,74880,6063,52,977328
yuksek_fiyat,20292586,39,4,1,2,3,3,0,8,44915,7133,162,1010994
yuksek_fiyat,20292586,40,4,1,2,3,3,0,8,63505,6127,494,1058763
yuksek_fiyat,20292586,41,4,1,2,6,5,1,10,82940,4791,615,1121733
yuksek_fiyat,20292586,42,4,1,2,4,4,0,11,72475,2508,51,711997
yuksek_fiyat,20292586,43,4,1,2,3,2,1,6,87360,6577,0,778284
yuksek_fiyat,20292586,44,4,1,2,4,4,0,8,53105,7162,85,818282
yuksek_fiyat,20292586,45,4,1,2,4,3,1,7,56875,6357,45,861191
yuksek_fiyat,20292586,46,4,1,2,5,5,0,8,53560,6288,33,901303
yuksek_fiyat,20292586,47,4,1,2,3,3,0,8,66950,7786,224,951238
yuksek_fiyat,20292586,48,4,1,2,6,5,1,7,83070,5914,0,1013982
yuksek_fiyat,20292586,49,4,1,2,3,3,0,10,73775,5876,0,599286
yuksek_fiyat,20292586,50,4,1,2,4,4,0,8,54145,4566,0,639884
yuksek_fiyat,20292586,51,4,1,2,4,4,0,8,54860,6887,56,681064
yuksek_fiyat,20292586,52,4,1,2,5,5,0,8,38025,6822,93,709415
yuksek_fiyat,20292586,53,4,1,2,3,3,0,8,50570,3662,0,747302
yuksek_fiyat,20292586,54,4,1,2,6,6,0,8,64220,5323,0,795587
yuksek_fiyat,20292586,55,4,1,2,4,4,0,10,76895,4305,0,853585
yuksek_fiyat,20292586,56,4,1,2,5,5,0,10,74685,4973,0,433535
yuksek_fiyat,20292586,57,4,1,2,3,3,0,8,51545,7526,144,472445
yuksek_fiyat,20292586,58,4,1,2,3,3,0,8,40040,6358,47,502407
yuksek_fiyat,20292586,59,4,1,2,6,6,0,8,61490,4441,8,548735
yuksek_fiyat,20292586,60,4,1,2,5,5,0,8,60255,5467,0,594003
yuksek_fiyat,20300505,1,4,1,0,5,5,0,13,71305,3183,2514,853346
yuksek_fiyat,20300505,2,4,1,0,6,5,1,11,63830,4939,2306,901236
yuksek_fiyat,20300505,3,4,1,1,7,6,1,11,81250,4309,2018,962180
yuksek_fiyat,20300505,4,4,1,1,6,6,0,11,76830,5315,1988,1019902
yuksek_fiyat,20300505,5,4,1,1,7,7,0,11,60970,4899,1827,1065724
yuksek_fiyat,20300505,6,4,1,1,7,5,2,10,79690,2962,1089,1125592
yuksek_fiyat,20300505,7,4,1,1,8,8,0,12,105365,4898,954,840251
yuksek_fiyat,20300505,8,4,1,1,7,6,1,9,79040,4122,728,899759
yuksek_fiyat,20300505,9,4,1,1,5,5,0,9,58955,4656,487,944051
yuksek_fiyat,20300505,10,4,1,1,6,6,0,9,64350,6343,794,992465
yuksek_fiyat,20300505,11,4,1,1,6,6,0,9,56485,3470,531,1034886
yuksek_fiyat,20300505,12,4,1,1,5,5,0,9,52195,5520,429,1074024
yuksek_fiyat,20300505,13,4,1,1,6,5,1,9,53040,2521,0,1113817
yuksek_fiyat,20300505,14,4,1,1,5,5,0,10,64935,2977,0,794380
yuksek_fiyat,20300505,15,4,1,1,2,2,0,8,73327,7526,285,851106
yuksek_fiyat,20300505,16,4,1,1,3,3,0,8,47385,6098,333,886537
yuksek_fiyat,20300505,17,4,1,1,5,5,0,9,59215,5418,202,930920
yuksek_fiyat,20300505,18,4,1,1,3,3,0,8,62725,7048,424,978241
yuksek_fiyat,20300505,19,4,1,1,4,4,0,9,36920,6484,411,1005783
yuksek_fiyat,20300505,20,4,1,1,3,3,0,11,96135,7831,785,1078033
yuksek_fiyat,20300505,21,4,1,1,7,6,1,11,81900,3120,175,767388
yuksek_fiyat,20300505,22,4,1,1,4,4,0,8,64220,7269,266,815740
yuksek_fiyat,20300505,23,4,1,1,4,4,0,8,82290,4697,71,877735
yuksek_fiyat,20300505,24,4,1,1,6,6,0,8,50830,5491,6,916015
yuksek_fiyat,20300505,25,4,1,1,4,4,0,8,66755,5693,0,966252
yuksek_fiyat,20300505,26,4,1,1,6,6,0,8,56810,6570,16,1008937
yuksek_fiyat,20300505,27,4,1,1,5,5,0,10,72059,6946,466,1063403
yuksek_fiyat,20300505,28,4,1,1,6,6,0,11,95875,4823,379,759744
yuksek_fiyat,20300505,29,4,1,1,4,4,0,9,51155,5266,310,798069
yuksek_fiyat,20300505,30,4,1,1,4,2,2,6,59995,6043,229,843559
yuksek_fiyat,20300505,31,4,1,1,5,5,0,8,75335,7078,268,900116
yuksek_fiyat,20300505,32,4,1,1,3,3,0,8,54600,6066,268,941350
yuksek_fiyat,20300505,33,4,1,1,5,5,0,8,52260,4429,149,980454
yuksek_fiyat,20300505,34,4,1,1,5,5,0,10,93860,5816,0,1050761
yuksek_fiyat,20300505,35,4,1,1,6,6,0,10,89440,5284,0,737852
yuksek_fiyat,20300505,36,4,1,1,5,5,0,8,42510,6471,9,769634
yuksek_fiyat,20300505,37,4,1,1,5,5,0,8,62985,6919,52,817050
yuksek_fiyat,20300505,38,4,1,1,5,5,0,8,78715,6557,83,876574
yuksek_fiyat,20300505,39,4,1,1,5,5,0,8,50180,6339,86,914061
yuksek_fiyat,20300505,40,4,1,1,3,3,0,8,49985,4594,0,951544
yuksek_fiyat,20300505,41,4,1,1,6,5,1,9,94250,7174,48,1022272
yuksek_fiyat,20300505,42,4,1,1,7,7,0,10,116389,7154,501,726702
yuksek_fiyat,20300505,43,4,1,1,4,3,1,7,35490,4014,146,753250
yuksek_fiyat,20300505,44,4,1,1,4,4,0,8,46930,5782,71,788534
yuksek_fiyat,20300505,45,4,1,1,7,7,0,8,54795,4515,0,829756
yuksek_fiyat,20300505,46,4,1,1,5,5,0,8,65260,7547,83,879004
yuksek_fiyat,20300505,47,4,1,1,5,5,0,8,52325,6004,99,918334
yuksek_fiyat,20300505,48,4,1,1,5,5,0,10,120835,4474,0,1009943
yuksek_fiyat,20300505,49,4,1,1,6,6,0,10,82355,6835,56,683514
yuksek_fiyat,20300505,50,4,1,1,3,3,0,8,86346,7878,335,749551
yuksek_fiyat,20300505,51,4,1,1,5,5,0,9,61035,5605,259,795486
yuksek_fiyat,20300505,52,4,1,1,4,3,1,7,61490,4877,101,841981
yuksek_fiyat,20300505,53,4,1,1,5,5,0,8,73710,5405,1,897479
yuksek_fiyat,20300505,54,4,1,1,3,3,0,8,67210,7032,102,948214
yuksek_fiyat,20300505,55,4,1,1,5,5,0,10,60385,4135,0,993328
yuksek_fiyat,20300505,56,4,1,1,4,4,0,10,80860,6415,77,661701
yuksek_fiyat,20300505,57,4,1,1,6,6,0,8,61880,6583,98,708315
yuksek_fiyat,20300505,58,4,1,1,3,3,0,8,55315,7166,157,749958
yuksek_fiyat,20300505,59,4,1,1,4,4,0,8,63765,7463,285,797993
yuksek_fiyat,20300505,60,4,1,1,3,3,0,8,61035,5355,195,844247
yuksek_fiyat,20308424,1,4,1,0,7,7,0,13,98670,6610,3088,874328
yuksek_fiyat,20308424,2,4,1,0,8,8,0,13,93860,3815,2812,945162
yuksek_fiyat,20308424,3,4,1,0,5,5,0,12,58695,6975,2980,989027
yuksek_fiyat,20308424,4,4,1,0,9,7,2,10,68705,2741,2440,1040698
yuksek_fiyat,20308424,5,4,1,1,9,8,1,11,76830,5499,2273,1098633
yuksek_fiyat,20308424,6,4,1,1,6,5,1,14,99710,6333,2366,1173533
yuksek_fiyat,20308424,7,4,1,1,5,5,0,15,88270,5713,2393,874875
yuksek_fiyat,20308424,8,4,1,1,7,7,0,12,86775,5407,2328,940027
yuksek_fiyat,20308424,9,4,1,1,7,7,0,12,73385,6710,2518,995117
yuksek_fiyat,20308424,10,4,1,1,7,7,0,12,77675,5483,2331,1053636
yuksek_fiyat,20308424,11,4,1,1,5,5,0,12,77480,4822,1977,1111703
yuksek_fiyat,20308424,12,4,1,1,4,4,0,11,72670,7737,2267,1165985
yuksek_fiyat,20308424,13,4,1,1,7,6,1,13,88400,5933,1990,1232550
yuksek_fiyat,20308424,14,4,1,1,5,5,0,14,96915,4959,2006,936999
yuksek_fiyat,20308424,15,4,1,1,4,3,1,9,71175,7448,2028,990792
yuksek_fiyat,20308424,16,4,1,1,5,5,0,11,123565,5990,2018,1083634
yuksek_fiyat,20308424,17,4,1,1,6,6,0,11,61815,4811,1774,1129876
yuksek_fiyat,20308424,18,4,1,1,6,6,0,11,65845,5707,1753,1179115
yuksek_fiyat,20308424,19,4,1,1,5,5,0,11,77350,6128,1724,1237270
yuksek_fiyat,20308424,20,4,1,1,7,7,0,13,70980,6448,1746,1290366
yuksek_fiyat,20308424,21,4,1,1,5,5,0,13,96525,4992,1558,990870
yuksek_fiyat,20308424,22,4,1,1,5,5,0,10,85735,5803,1536,1055505
yuksek_fiyat,20308424,23,4,1,1,7,7,0,10,72995,5685,1436,1110449
yuksek_fiyat,20308424,24,4,1,1,4,4,0,10,87685,3118,915,1176680
yuksek_fiyat,20308424,25,4,1,1,5,5,0,9,80795,6846,970,1237667
yuksek_fiyat,20308424,26,4,1,1,6,6,0,10,70265,5589,749,1290378
yuksek_fiyat,20308424,27,4,1,1,6,5,1,9,66950,4769,543,1340703
yuksek_fiyat,20308424,28,4,1,1,6,6,0,11,99255,5296,420,1039247
yuksek_fiyat,20308424,29,4,1,1,5,5,0,9,67860,5897,399,1089948
yuksek_fiyat,20308424,30,4,1,1,6,6,0,9,49920,7117,468,1127260
yuksek_fiyat,20308424,31,4,1,1,6,6,0,9,67470,4942,471,1178195
yuksek_fiyat,20308424,32,4,1,1,7,6,1,8,60710,4576,379,1223622
yuksek_fiyat,20308424,33,4,1,1,5,5,0,9,70655,5680,322,1276610
yuksek_fiyat,20308424,34,4,1,1,6,5,1,10,83915,5621,151,1339753
yuksek_fiyat,20308424,35,4,1,1,4,4,0,10,88335,6728,206,1025763
yuksek_fiyat,20308424,36,4,1,1,5,5,0,8,77480,4555,95,1084135
yuksek_fiyat,20308424,37,4,1,1,4,4,0,8,57720,2692,0,1127451
yuksek_fiyat,20308424,38,4,1,1,2,2,0,8,52390,8020,294,1166569
yuksek_fiyat,20308424,39,4,1,1,6,6,0,8,55315,2968,53,1207989
yuksek_fiyat,20308424,40,4,1,1,5,3,2,5,54210,2546,0,1249072
yuksek_fiyat,20308424,41,4,1,1,4,4,0,10,53729,7183,248,1289959
yuksek_fiyat,20308424,42,4,1,1,3,2,1,8,78520,6620,168,965086
yuksek_fiyat,20308424,43,4,1,1,5,5,0,8,68185,5068,63,1016138
yuksek_fiyat,20308424,44,4,1,1,2,2,0,8,84825,6112,47,1080146
yuksek_fiyat,20308424,45,4,1,1,4,4,0,8,59930,4907,0,1125386
yuksek_fiyat,20308424,46,4,1,1,4,4,0,8,52845,5949,0,1165023
yuksek_fiyat,20308424,47,4,1,1,3,2,1,6,53625,7233,0,1205433
yuksek_fiyat,20308424,48,4,1,1,5,5,0,10,98540,4520,0,1279493
yuksek_fiyat,20308424,49,4,1,1,4,4,0,10,60450,4847,0,936586
yuksek_fiyat,20308424,50,4,1,1,5,5,0,8,61490,4227,0,982740
yuksek_fiyat,20308424,51,4,1,1,3,3,0,8,47710,6726,39,1018430
yuksek_fiyat,20308424,52,4,1,1,4,4,0,8,74750,6509,69,1074922
yuksek_fiyat,20308424,53,4,1,1,3,3,0,8,78520,6095,63,1134164
yuksek_fiyat,20308424,54,4,1,1,3,3,0,8,43550,7235,248,1166788
yuksek_fiyat,20308424,55,4,1,1,7,7,0,10,79755,4869,93,1226651
yuksek_fiyat,20308424,56,4,1,1,4,1,3,4,49140,7167,0,871364
yuksek_fiyat,20308424,57,4,1,1,2,2,0,8,61295,7900,257,917497
yuksek_fiyat,20308424,58,4,1,1,3,3,0,8,61295,5534,203,963872
yuksek_fiyat,20308424,59,4,1,1,5,5,0,8,54405,5050,67,1004828
yuksek_fiyat,20308424,60,4,1,1,4,4,0,8,63583,6618,28,1052657
yuksek_fiyat,20316343,1,4,1,0,8,6,2,10,57005,5308,2795,842858
yuksek_fiyat,20316343,2,4,1,1,6,4,2,10,60060,5733,2668,888083
yuksek_fiyat,20316343,3,4,1,1,6,5,1,11,56875,6436,2629,930724
yuksek_fiyat,20316343,4,4,1,1,5,5,0,12,98150,4996,2453,1004364
yuksek_fiyat,20316343,5,4,1,1,7,7,0,12,78520,5828,2407,1063442
yuksek_fiyat,20316343,6,4,1,1,8,8,0,15,83980,5840,2363,1126401
yuksek_fiyat,20316343,7,4,1,1,5,5,0,15,98085,6648,2578,835381
yuksek_fiyat,20316343,8,4,1,1,7,6,1,10,58240,7363,2583,879087
yuksek_fiyat,20316343,9,4,1,2,7,6,1,11,73645,4583,2345,934540
yuksek_fiyat,20316343,10,4,1,2,6,6,0,12,74620,4273,2107,990573
yuksek_fiyat,20316343,11,4,1,2,4,4,0,11,54145,7325,2288,1031040
yuksek_fiyat,20316343,12,4,1,2,8,8,0,12,82810,6243,2281,1093342
yuksek_fiyat,20316343,13,4,1,2,7,7,0,15,111020,6634,2538,1176844
yuksek_fiyat,20316343,14,4,1,2,10,8,2,12,67275,5712,2333,785820
yuksek_fiyat,20316343,15,4,1,2,8,8,0,12,79495,3791,1971,845373
yuksek_fiyat,20316343,16,4,1,2,6,5,1,9,90220,5624,1716,913421
yuksek_fiyat,20316343,17,4,1,2,9,9,0,11,67795,2958,1400,964407
yuksek_fiyat,20316343,18,4,1,2,6,6,0,10,84695,4902,1308,1028202
yuksek_fiyat,20316343,19,4,1,2,5,5,0,10,73450,6588,1378,1083256
yuksek_fiyat,20316343,20,4,1,2,6,4,2,10,98540,6703,1313,1157237
yuksek_fiyat,20316343,21,4,1,2,8,7,1,12,91910,6570,1331,779358
yuksek_fiyat,20316343,22,4,1,2,7,5,2,8,59020,3568,1052,823685
yuksek_fiyat,20316343,23,4,1,2,6,2,4,5,37700,4300,655,852100
yuksek_fiyat,20316343,24,4,1,2,3,3,0,9,78325,6801,720,910601
yuksek_fiyat,20316343,25,4,1,2,6,6,0,9,74425,6668,754,966622
yuksek_fiyat,20316343,26,4,1,2,4,4,0,9,90155,6133,745,1034862
yuksek_fiyat,20316343,27,4,1,2,4,4,0,11,66820,4955,531,1084755
yuksek_fiyat,20316343,28,4,1,2,6,6,0,11,95810,5755,553,703728
yuksek_fiyat,20316343,29,4,1,2,6,6,0,9,60320,6950,564,748883
yuksek_fiyat,20316343,30,4,1,2,6,6,0,9,63830,6238,549,796801
yuksek_fiyat,20316343,31,4,1,2,3,3,0,9,76830,4133,299,854786
yuksek_fiyat,20316343,32,4,1,2,4,4,0,8,47320,6285,313,890204
yuksek_fiyat,20316343,33,4,1,2,5,5,0,9,80795,7039,389,950910
yuksek_fiyat,20316343,34,4,1,2,5,5,0,11,65494,7932,695,1000532
yuksek_fiyat,20316343,35,4,1,2,7,7,0,11,81120,4031,465,603058
yuksek_fiyat,20316343,36,4,1,2,5,4,1,7,54210,7113,486,643806
yuksek_fiyat,20316343,37,4,1,2,4,4,0,9,89375,6211,514,711253
yuksek_fiyat,20316343,38,4,1,2,6,6,0,9,101335,5743,473,787748
yuksek_fiyat,20316343,39,4,1,2,5,5,0,9,81705,6006,449,849259
yuksek_fiyat,20316343,40,4,1,2,4,4,0,9,81835,6857,520,910748
yuksek_fiyat,20316343,41,4,1,2,5,5,0,11,99775,5558,203,985613
yuksek_fiyat,20316343,42,4,1,2,5,5,0,10,72995,5730,162,576133
yuksek_fiyat,20316343,43,4,1,2,4,4,0,8,78845,6722,208,635232
yuksek_fiyat,20316343,44,4,1,2,4,3,1,6,39260,3590,0,664836
yuksek_fiyat,20316343,45,4,1,2,3,3,0,8,51805,6725,40,703567
yuksek_fiyat,20316343,46,4,1,2,5,5,0,8,60580,4186,0,748879
yuksek_fiyat,20316343,47,4,1,2,3,3,0,8,50115,7032,101,786544
yuksek_fiyat,20316343,48,4,1,2,7,7,0,10,70265,5487,31,839345
yuksek_fiyat,20316343,49,4,1,2,5,5,0,10,82940,6258,78,431910
yuksek_fiyat,20316343,50,4,1,2,7,7,0,8,70525,5598,0,484968
yuksek_fiyat,20316343,51,4,1,2,2,2,0,8,87412,7978,318,552071
yuksek_fiyat,20316343,52,4,1,2,6,6,0,9,92105,4850,187,621677
yuksek_fiyat,20316343,53,4,1,2,6,6,0,8,67080,4918,93,672278
yuksek_fiyat,20316343,54,4,1,2,3,3,0,8,53300,7143,254,712398
yuksek_fiyat,20316343,55,4,1,2,7,7,0,11,79365,2749,0,772219
yuksek_fiyat,20316343,56,4,1,2,5,5,0,10,86840,5290,0,361831
yuksek_fiyat,20316343,57,4,1,2,4,4,0,8,59670,6485,34,406827
yuksek_fiyat,20316343,58,4,1,2,4,4,0,8,57785,6457,67,450380
yuksek_fiyat,20316343,59,4,1,2,5,5,0,8,57395,6217,79,493507
yuksek_fiyat,20316343,60,4,1,2,3,3,0,8,70720,7688,235,546615
yuksek_fiyat,20324262,1,4,1,0,7,7,0,13,77220,3532,2483,858080
yuksek_fiyat,20324262,2,4,1,0,7,5,2,10,62205,6406,2474,904758
yuksek_fiyat,20324262,3,4,1,1,7,6,1,11,60710,4618,1401,950228
yuksek_fiyat,20324262,4,4,1,1,4,4,0,10,80275,7359,1531,1010513
yuksek_fiyat,20324262,5,4,1,1,3,3,0,10,59930,7422,1682,1055261
yuksek_fiyat,20324262,6,4,1,1,7,7,0,13,88270,5076,1579,1121525
yuksek_fiyat,20324262,7,4,1,1,6,6,0,13,81640,5615,1596,817942
yuksek_fiyat,20324262,8,4,1,1,3,3,0,11,61100,6247,1648,863918
yuksek_fiyat,20324262,9,4,1,1,7,7,0,11,56680,6225,1682,906381
yuksek_fiyat,20324262,10,4,1,1,5,5,0,11,78520,3912,1338,965420
yuksek_fiyat,20324262,11,4,1,1,6,6,0,10,61945,5834,1318,1011975
yuksek_fiyat,20324262,12,4,1,1,4,4,0,10,57850,7108,1445,1055210
yuksek_fiyat,20324262,13,4,1,1,7,7,0,13,72800,5408,1344,1109856
yuksek_fiyat,20324262,14,4,1,1,7,7,0,13,64870,5265,1230,790103
yuksek_fiyat,20324262,15,4,1,1,5,5,0,10,69680,7154,1337,842810
yuksek_fiyat,20324262,16,4,1,1,5,5,0,10,74165,5965,1282,898418
yuksek_fiyat,20324262,17,4,1,1,3,3,0,10,78910,6910,1366,957872
yuksek_fiyat,20324262,18,4,1,1,5,5,0,10,70720,3763,1000,1011055
yuksek_fiyat,20324262,19,4,1,1,3,3,0,10,59280,6707,1063,1055499
yuksek_fiyat,20324262,20,4,1,1,4,4,0,12,75465,6648,1314,1112405
yuksek_fiyat,20324262,21,4,1,1,8,8,0,13,94510,5874,1300,810911
yuksek_fiyat,20324262,22,4,1,1,6,6,0,10,73385,4866,1182,866022
yuksek_fiyat,20324262,23,4,1,1,5,5,0,10,72540,3809,900,920669
yuksek_fiyat,20324262,24,4,1,1,6,5,1,8,60580,4116,627,966378
yuksek_fiyat,20324262,25,4,1,1,3,3,0,9,78910,7645,786,1025947
yuksek_fiyat,20324262,26,4,1,1,4,3,1,6,36010,6043,488,1053023
yuksek_fiyat,20324262,27,4,1,1,3,3,0,11,88725,6853,589,1119443
yuksek_fiyat,20324262,28,4,1,1,6,6,0,11,93210,5123,442,813946
yuksek_fiyat,20324262,29,4,1,1,6,6,0,9,60320,5355,383,859250
yuksek_fiyat,20324262,30,4,1,1,6,6,0,9,78520,5323,329,918471
yuksek_fiyat,20324262,31,4,1,1,5,5,0,9,71370,2726,0,972211
yuksek_fiyat,20324262,32,4,1,1,6,6,0,8,64805,4740,0,1021032
yuksek_fiyat,20324262,33,4,1,1,4,4,0,8,66495,6343,1,1071104
yuksek_fiyat,20324262,34,4,1,1,5,5,0,10,87230,5991,0,1137039
yuksek_fiyat,20324262,35,4,1,1,5,4,1,9,56810,7122,53,799570
yuksek_fiyat,20324262,36,4,1,1,5,5,0,8,49205,5332,0,836444
yuksek_fiyat,20324262,37,4,1,1,3,3,0,8,54925,5633,0,877674
yuksek_fiyat,20324262,38,4,1,1,4,4,0,8,56680,4884,0,919988
yuksek_fiyat,20324262,39,4,1,1,4,4,0,8,47840,4717,0,955876
yuksek_fiyat,20324262,40,4,1,1,5,5,0,8,65715,6079,0,1005409
yuksek_fiyat,20324262,41,4,1,1,5,5,0,10,109005,6591,45,1087718
yuksek_fiyat,20324262,42,4,1,1,7,7,0,10,63895,6341,57,751522
yuksek_fiyat,20324262,43,4,1,1,6,6,0,8,46345,4652,0,786127
yuksek_fiyat,20324262,44,4,1,1,4,4,0,8,72800,7514,491,841013
yuksek_fiyat,20324262,45,4,1,1,3,3,0,9,46670,5844,415,875872
yuksek_fiyat,20324262,46,4,1,1,4,3,1,7,49595,5150,213,913200
yuksek_fiyat,20324262,47,4,1,1,5,5,0,8,56290,6534,231,955679
yuksek_fiyat,20324262,48,4,1,1,4,4,0,10,92690,4197,0,1025363
yuksek_fiyat,20324262,49,4,1,1,6,6,0,10,90545,4995,0,705128
yuksek_fiyat,20324262,50,4,1,1,4,4,0,8,89700,3056,0,773085
yuksek_fiyat,20324262,51,4,1,1,5,5,0,8,57395,5878,0,816214
yuksek_fiyat,20324262,52,4,1,1,6,5,1,7,63375,5441,0,863903
yuksek_fiyat,20324262,53,4,1,1,5,5,0,8,39000,7449,297,893018
yuksek_fiyat,20324262,54,4,1,1,3,3,0,8,49530,6960,351,930262
yuksek_fiyat,20324262,55,4,1,1,7,7,0,11,92235,3777,33,999578
yuksek_fiyat,20324262,56,4,1,1,5,5,0,10,80600,4285,0,667376
yuksek_fiyat,20324262,57,4,1,1,4,3,1,7,49335,7125,36,704506
yuksek_fiyat,20324262,58,4,1,1,4,4,0,8,48620,5431,0,741030
yuksek_fiyat,20324262,59,4,1,1,4,4,0,8,65195,7523,175,790086
yuksek_fiyat,20324262,60,4,1,1,4,4,0,8,66560,7545,385,840109
yuksek_fiyat,20332181,1,4,1,0,6,6,0,13,94185,6753,3092,870717
yuksek_fiyat,20332181,2,4,1,0,5,5,0,13,82485,1864,2035,932541
yuksek_fiyat,20332181,3,4,1,0,6,6,0,11,87685,6832,2086,998505
yuksek_fiyat,20332181,4,4,1,0,7,7,0,11,87165,4375,1904,1064184
yuksek_fiyat,20332181,5,4,1,0,3,2,1,9,54795,7629,1918,1105305
yuksek_fiyat,20332181,6,4,1,1,9,8,1,13,96850,6398,1950,1178158
yuksek_fiyat,20332181,7,4,1,1,8,8,0,14,99970,5610,1898,888491
yuksek_fiyat,20332181,8,4,1,1,5,5,0,11,82030,7328,1999,950297
yuksek_fiyat,20332181,9,4,1,1,4,4,0,11,60645,6495,2070,995696
yuksek_fiyat,20332181,10,4,1,1,8,7,1,10,55575,4736,1829,1037327
yuksek_fiyat,20332181,11,4,1,1,5,5,0,11,86905,2970,1328,1102692
yuksek_fiyat,20332181,12,4,1,1,4,4,0,10,67470,6990,1415,1153362
yuksek_fiyat,20332181,13,4,1,1,5,3,2,10,81120,7417,1402,1214460
yuksek_fiyat,20332181,14,4,1,1,4,4,0,13,122850,7837,1718,938811
yuksek_fiyat,20332181,15,4,1,1,5,5,0,11,93665,5130,1664,1009526
yuksek_fiyat,20332181,16,4,1,1,5,5,0,11,71825,7067,2072,1063439
yuksek_fiyat,20332181,17,4,1,1,6,6,0,11,92560,6690,2114,1132755
yuksek_fiyat,20332181,18,4,1,1,6,6,0,11,85085,5612,2075,1196505
yuksek_fiyat,20332181,19,4,1,1,5,4,1,8,52715,6905,1941,1236327
yuksek_fiyat,20332181,20,4,1,1,7,7,0,14,110890,2947,1523,1319521
yuksek_fiyat,20332181,21,4,1,1,8,8,0,13,99970,6221,1564,1022372
yuksek_fiyat,20332181,22,4,1,1,6,5,1,9,62400,3946,1229,1069283
yuksek_fiyat,20332181,23,4,1,1,4,4,0,10,78390,5617,1225,1128413
yuksek_fiyat,20332181,24,4,1,1,4,4,0,10,87490,6578,1309,1193805
yuksek_fiyat,20332181,25,4,1,1,7,6,1,9,89700,6168,1301,1261305
yuksek_fiyat,20332181,26,4,1,1,5,5,0,10,67600,7517,1450,1311911
yuksek_fiyat,20332181,27,4,1,1,7,7,0,13,99710,5297,1307,1386898
yuksek_fiyat,20332181,28,4,1,1,7,6,1,12,108030,4413,1012,1092142
yuksek_fiyat,20332181,29,4,1,1,4,4,0,10,67015,5696,957,1142598
yuksek_fiyat,20332181,30,4,1,1,5,5,0,10,50050,6157,950,1179997
yuksek_fiyat,20332181,31,4,1,1,6,6,0,10,74555,6233,975,1236320
yuksek_fiyat,20332181,32,4,1,1,7,7,0,10,75725,5297,880,1293069
yuksek_fiyat,20332181,33,4,1,1,5,5,0,9,62855,2518,581,1340401
yuksek_fiyat,20332181,34,4,1,1,5,4,1,9,85605,4446,240,1405407
yuksek_fiyat,20332181,35,4,1,1,4,4,0,10,82745,6268,255,1087606
yuksek_fiyat,20332181,36,4,1,1,3,3,0,8,55250,6850,324,1129033
yuksek_fiyat,20332181,37,4,1,1,3,2,1,7,78715,7664,366,1189020
yuksek_fiyat,20332181,38,4,1,2,6,3,3,5,61555,1896,0,1235742
yuksek_fiyat,20332181,39,4,1,2,5,5,0,8,78065,2864,0,1294311
yuksek_fiyat,20332181,40,4,1,2,4,4,0,8,58890,5730,0,1338697
yuksek_fiyat,20332181,41,4,1,2,7,7,0,10,70655,4343,0,1391814
yuksek_fiyat,20332181,42,4,1,2,6,6,0,10,91975,5527,0,996927
yuksek_fiyat,20332181,43,4,1,2,4,4,0,8,45370,6784,39,1030995
yuksek_fiyat,20332181,44,4,1,2,3,3,0,8,65650,6168,57,1080501
yuksek_fiyat,20332181,45,4,1,2,6,5,1,6,51675,3844,0,1119444
yuksek_fiyat,20332181,46,4,1,2,5,5,0,8,76505,6726,110,1176954
yuksek_fiyat,20332181,47,4,1,2,5,5,0,8,79235,6131,159,1236848
yuksek_fiyat,20332181,48,4,1,2,5,3,2,7,116935,7485,83,1325189
yuksek_fiyat,20332181,49,4,1,2,4,4,0,10,56485,4951,33,897627
yuksek_fiyat,20332181,50,4,1,2,5,5,0,8,58500,3318,0,941801
yuksek_fiyat,20332181,51,4,1,2,6,6,0,8,56030,2273,0,983910
yuksek_fiyat,20332181,52,4,1,2,7,7,0,8,52455,4412,0,1023267
yuksek_fiyat,20332181,53,4,1,2,5,5,0,8,45370,6352,12,1057324
yuksek_fiyat,20332181,54,4,1,2,4,4,0,8,54665,7142,82,1098462
yuksek_fiyat,20332181,55,4,1,2,3,3,0,10,60125,6558,130,1143328
yuksek_fiyat,20332181,56,4,1,2,6,5,1,9,70200,4380,0,720171
yuksek_fiyat,20332181,57,4,1,2,3,3,0,8,52780,3410,0,759841
yuksek_fiyat,20332181,58,4,1,2,4,4,0,8,74815,6321,46,816526
yuksek_fiyat,20332181,59,4,1,2,4,4,0,8,60125,7174,119,861927
yuksek_fiyat,20332181,60,4,1,2,5,5,0,8,49660,4609,33,899195
fazla_kadro,20260910,1,4,1,2,6,5,1,11,56710,9803,3277,839187
fazla_kadro,20260910,2,4,1,2,8,8,0,13,68620,9202,3648,886839
fazla_kadro,20260910,3,4,1,2,7,5,2,12,76700,9042,3927,938991
fazla_kadro,20260910,4,4,1,2,8,8,0,14,59600,9137,4222,979060
fazla_kadro,20260910,5,4,1,2,8,8,0,15,71600,8099,4419,1027266
fazla_kadro,20260910,6,4,1,2,10,9,1,17,96305,6398,4136,1093039
fazla_kadro,20260910,7,4,1,2,10,9,1,15,79130,7880,4352,710512
fazla_kadro,20260910,8,4,1,2,8,6,2,13,66850,8128,4524,755582
fazla_kadro,20260910,9,4,1,2,6,5,1,13,62900,8307,4652,798063
fazla_kadro,20260910,10,4,1,2,8,8,0,15,100300,9600,5051,866224
fazla_kadro,20260910,11,4,1,2,10,9,1,15,69250,7617,5110,913059
fazla_kadro,20260910,12,4,1,2,10,9,1,14,81000,6499,5027,967762
fazla_kadro,20260910,13,4,1,2,9,9,0,20,92910,7902,5305,1031044
fazla_kadro,20260910,14,4,1,2,10,8,2,17,87200,4977,4752,648487
fazla_kadro,20260910,15,4,1,2,7,7,0,16,79400,7468,4902,702357
fazla_kadro,20260910,16,4,1,2,6,6,0,16,94730,7037,4962,767964
fazla_kadro,20260910,17,4,1,2,10,10,0,16,102210,8173,5157,837749
fazla_kadro,20260910,18,4,1,2,9,9,0,16,100490,9244,5516,906118
fazla_kadro,20260910,19,4,1,2,8,8,0,17,102680,9869,5939,975941
fazla_kadro,20260910,20,4,1,2,9,8,1,20,147550,4403,5182,1076277
fazla_kadro,20260910,21,4,1,2,9,8,1,18,90665,7223,4390,690978
fazla_kadro,20260910,22,4,1,2,8,8,0,15,71300,5110,4145,739282
fazla_kadro,20260910,23,4,1,2,6,5,1,14,85425,7757,4287,797949
fazla_kadro,20260910,24,4,1,2,8,7,1,14,77630,7805,4555,851262
fazla_kadro,20260910,25,4,1,2,10,10,0,15,77550,7705,4667,903657
fazla_kadro,20260910,26,4,1,2,13,12,1,14,84300,9062,4841,960260
fazla_kadro,20260910,27,4,1,2,9,6,3,14,83900,4368,4336,1017622
fazla_kadro,20260910,28,4,1,2,8,6,2,14,106600,7974,4283,638710
fazla_kadro,20260910,29,4,1,2,11,10,1,13,78100,8162,4418,691765
fazla_kadro,20260910,30,4,1,2,9,9,0,15,98250,7477,4357,758460
fazla_kadro,20260910,31,4,1,2,6,6,0,15,89650,9252,4712,819526
fazla_kadro,20260910,32,4,1,2,8,8,0,16,71250,7431,4860,867450
fazla_kadro,20260910,33,4,1,2,10,10,0,16,106090,6812,4924,939912
fazla_kadro,20260910,34,4,1,2,13,11,2,17,103050,6605,4768,1009821
fazla_kadro,20260910,35,4,1,2,8,7,1,18,102500,8219,4956,620941
fazla_kadro,20260910,36,4,1,2,8,8,0,16,104925,9161,5658,693042
fazla_kadro,20260910,37,4,1,2,14,13,1,15,101525,7596,5479,762325
fazla_kadro,20260910,38,4,1,2,8,8,0,17,113690,7424,5606,839870
fazla_kadro,20260910,39,4,1,2,7,5,2,12,71650,6870,5439,889053
fazla_kadro,20260910,40,4,1,2,9,9,0,17,88600,7573,5547,948709
fazla_kadro,20260910,41,4,1,2,12,11,1,20,124900,6835,5587,1033267
fazla_kadro,20260910,42,4,1,2,11,6,5,14,90240,5157,5111,631324
fazla_kadro,20260910,43,4,1,2,6,5,1,14,100450,7749,5211,699783
fazla_kadro,20260910,44,4,1,2,7,6,1,15,84625,6209,4796,757842
fazla_kadro,20260910,45,4,1,2,11,11,0,16,93690,9352,5147,821697
fazla_kadro,20260910,46,4,1,2,6,6,0,16,85300,8708,5371,879280
fazla_kadro,20260910,47,4,1,2,9,9,0,17,138900,7758,5482,973764
fazla_kadro,20260910,48,4,1,2,12,10,2,15,92800,4804,4792,1036960
fazla_kadro,20260910,49,4,1,2,12,10,2,12,82800,8129,4364,623339
fazla_kadro,20260910,50,4,1,2,8,7,1,12,73100,7724,4601,672901
fazla_kadro,20260910,51,4,1,2,8,7,1,12,73390,9560,4749,723048
fazla_kadro,20260910,52,4,1,2,5,4,1,15,127360,9896,5233,810883
fazla_kadro,20260910,53,4,1,2,9,6,3,10,85000,5817,3922,868739
fazla_kadro,20260910,54,4,1,2,7,6,1,12,70600,7281,3863,916805
fazla_kadro,20260910,55,4,1,2,8,8,0,18,89400,9650,4367,977283
fazla_kadro,20260910,56,4,1,2,9,8,1,17,117550,8498,4657,580999
fazla_kadro,20260910,57,4,1,2,8,8,0,15,89850,7978,4768,641910
fazla_kadro,20260910,58,4,1,2,9,6,3,11,63245,7650,4667,685273
fazla_kadro,20260910,59,4,1,2,7,7,0,15,81525,4628,3974,741124
fazla_kadro,20260910,60,4,1,2,7,7,0,14,103940,9557,4460,812358
fazla_kadro,20268829,1,4,1,2,8,8,0,13,67800,7571,3110,846086
fazla_kadro,20268829,2,4,1,2,4,4,0,13,81975,9511,3545,903230
fazla_kadro,20268829,3,4,1,2,3,3,0,14,73700,9894,4054,953414
fazla_kadro,20268829,4,4,1,2,7,7,0,14,83350,8337,4396,1009982
fazla_kadro,20268829,5,4,1,2,7,7,0,15,92550,6419,4414,1073991
fazla_kadro,20268829,6,4,1,2,10,9,1,16,72100,7599,4314,1122700
fazla_kadro,20268829,7,4,1,2,9,9,0,19,103760,7901,4684,756951
fazla_kadro,20268829,8,4,1,2,9,9,0,15,72150,9852,4994,805736
fazla_kadro,20268829,9,4,1,2,8,8,0,16,81085,8606,5319,860765
fazla_kadro,20268829,10,4,1,2,9,6,3,13,85500,8334,5376,918837
fazla_kadro,20268829,11,4,1,2,11,11,0,17,73425,8810,5610,968922
fazla_kadro,20268829,12,4,1,2,11,11,0,17,92860,8583,5762,1032286
fazla_kadro,20268829,13,4,1,2,11,8,3,17,77100,6019,5206,1084241
fazla_kadro,20268829,14,4,1,2,5,5,0,20,107100,6437,4945,715077
fazla_kadro,20268829,15,4,1,2,10,9,1,14,77200,6480,4772,767398
fazla_kadro,20268829,16,4,1,2,8,8,0,16,84050,9805,5031,824261
fazla_kadro,20268829,17,4,1,2,10,8,2,14,103190,9058,5378,895107
fazla_kadro,20268829,18,4,1,2,7,7,0,17,99200,8971,5613,962227
fazla_kadro,20268829,19,4,1,2,7,7,0,17,111450,8297,5793,1037893
fazla_kadro,20268829,20,4,1,2,8,3,5,12,95095,9602,5850,1104504
fazla_kadro,20268829,21,4,1,2,15,11,4,16,105750,5354,4761,729215
fazla_kadro,20268829,22,4,1,2,10,10,0,16,87450,7220,4853,788406
fazla_kadro,20268829,23,4,1,2,10,7,3,12,56550,7175,4757,826623
fazla_kadro,20268829,24,4,1,2,9,6,3,12,80915,3889,4126,881275
fazla_kadro,20268829,25,4,1,2,10,6,4,10,59870,7302,3831,922171
fazla_kadro,20268829,26,4,1,2,6,6,0,14,86400,7567,4114,980265
fazla_kadro,20268829,27,4,1,2,10,9,1,17,111620,6244,4079,1056192
fazla_kadro,20268829,28,4,1,2,8,8,0,18,122600,5573,3794,687721
fazla_kadro,20268829,29,4,1,2,8,8,0,14,86400,9567,4076,746400
fazla_kadro,20268829,30,4,1,2,6,5,1,14,72450,5633,3877,795580
fazla_kadro,20268829,31,4,1,2,6,5,1,13,62600,9881,4380,837758
fazla_kadro,20268829,32,4,1,2,7,6,1,12,66350,8803,4491,882861
fazla_kadro,20268829,33,4,1,2,8,8,0,15,97160,7622,4590,949257
fazla_kadro,20268829,34,4,1,2,10,7,3,16,129625,7741,4796,1038924
fazla_kadro,20268829,35,4,1,2,11,10,1,19,123550,7080,4905,664754
fazla_kadro,20268829,36,4,1,2,9,8,1,14,80425,7827,5079,719428
fazla_kadro,20268829,37,4,1,2,8,8,0,16,78700,7412,5152,772333
fazla_kadro,20268829,38,4,1,2,8,5,3,11,87580,9869,4590,833520
fazla_kadro,20268829,39,4,1,2,11,10,1,14,80695,7723,4805,888228
fazla_kadro,20268829,40,4,1,2,11,9,2,13,87200,6483,4713,947528
fazla_kadro,20268829,41,4,1,2,8,8,0,19,84850,5315,4441,1004912
fazla_kadro,20268829,42,4,1,2,10,8,2,17,92780,7867,4743,604194
fazla_kadro,20268829,43,4,1,2,10,9,1,15,120290,8201,4890,686173
fazla_kadro,20268829,44,4,1,2,8,7,1,15,81600,9004,5053,741609
fazla_kadro,20268829,45,4,1,2,5,4,1,15,105320,9890,5529,814045
fazla_kadro,20268829,46,4,1,2,9,8,1,15,99010,8378,5729,881352
fazla_kadro,20268829,47,4,1,2,7,6,1,15,106155,7441,5776,953829
fazla_kadro,20268829,48,4,1,2,8,4,4,15,104750,9897,6087,1025102
fazla_kadro,20268829,49,4,1,2,14,12,2,19,123400,7484,5456,638632
fazla_kadro,20268829,50,4,1,2,7,7,0,17,86050,8193,5685,696861
fazla_kadro,20268829,51,4,1,2,8,7,1,16,94400,8254,5840,761386
fazla_kadro,20268829,52,4,1,2,7,5,2,14,83550,9020,6126,818029
fazla_kadro,20268829,53,4,1,2,10,9,1,16,77480,9704,6428,870978
fazla_kadro,20268829,54,4,1,2,9,9,0,18,108280,7220,6464,945874
fazla_kadro,20268829,55,4,1,2,14,12,2,19,97150,6690,6231,1011566
fazla_kadro,20268829,56,4,1,2,10,7,3,17,102600,5905,5318,605248
fazla_kadro,20268829,57,4,1,2,13,12,1,16,109700,8638,5566,679884
fazla_kadro,20268829,58,4,1,2,9,8,1,16,68300,6967,5616,725978
fazla_kadro,20268829,59,4,1,2,7,7,0,17,112390,8403,5896,803641
fazla_kadro,20268829,60,4,1,2,9,7,2,14,75110,9799,6047,854518
fazla_kadro,20276748,1,4,1,2,7,7,0,13,57750,9342,3225,839006
fazla_kadro,20276748,2,4,1,2,7,7,0,13,48900,7600,3467,872045
fazla_kadro,20276748,3,4,1,2,8,7,1,11,57300,8304,3445,910809
fazla_kadro,20276748,4,4,1,2,6,6,0,14,83230,8609,3736,967451
fazla_kadro,20276748,5,4,1,2,6,6,0,14,72060,8563,3935,1016237
fazla_kadro,20276748,6,4,1,2,8,8,0,18,88300,7916,4281,1076014
fazla_kadro,20276748,7,4,1,2,9,9,0,19,100685,8877,4823,707771
fazla_kadro,20276748,8,4,1,2,7,7,0,16,72270,9038,5219,756610
fazla_kadro,20276748,9,4,1,2,9,9,0,16,80340,7913,5353,811243
fazla_kadro,20276748,10,4,1,2,10,9,1,15,75245,7159,5491,862620
fazla_kadro,20276748,11,4,1,2,9,9,0,17,85100,8590,5688,920088
fazla_kadro,20276748,12,4,1,2,7,6,1,16,77650,7725,5848,972466
fazla_kadro,20276748,13,4,1,2,9,6,3,14,101630,7024,5237,1042079
fazla_kadro,20276748,14,4,1,2,7,7,0,20,114400,9866,5732,678201
fazla_kadro,20276748,15,4,1,2,9,9,0,17,107515,7123,5833,752798
fazla_kadro,20276748,16,4,1,2,6,5,1,13,75255,9603,5904,804029
fazla_kadro,20276748,17,4,1,2,8,8,0,17,82280,8647,6118,860376
fazla_kadro,20276748,18,4,1,2,10,9,1,17,99950,7697,6220,928258
fazla_kadro,20276748,19,4,1,2,12,12,0,18,109685,8155,6400,1002128
fazla_kadro,20276748,20,4,1,2,12,11,1,22,144775,7259,6490,1100833
fazla_kadro,20276748,21,4,1,2,11,10,1,20,110660,8843,6580,729268
fazla_kadro,20276748,22,4,1,2,10,10,0,19,112880,8555,6781,806993
fazla_kadro,20276748,23,4,1,2,10,10,0,19,99700,7684,6859,874345
fazla_kadro,20276748,24,4,1,2,10,7,3,16,107650,8018,6921,947538
fazla_kadro,20276748,25,4,1,2,9,8,1,18,90300,9701,7114,1008410
fazla_kadro,20276748,26,4,1,2,9,9,0,19,95250,5275,7038,1072789
fazla_kadro,20276748,27,4,1,2,11,11,0,24,166155,6403,7147,1186744
fazla_kadro,20276748,28,4,1,2,16,16,0,24,147150,6513,7149,833820
fazla_kadro,20276748,29,4,1,2,8,5,3,13,114610,6808,6960,913114
fazla_kadro,20276748,30,4,1,2,11,11,0,19,126550,5752,6820,998932
fazla_kadro,20276748,31,4,1,2,8,7,1,18,135660,7881,6882,1092833
fazla_kadro,20276748,32,4,1,2,11,11,0,19,104650,5726,6738,1163818
fazla_kadro,20276748,33,4,1,2,12,11,1,17,100470,6463,5830,1232366
fazla_kadro,20276748,34,4,1,2,11,10,1,21,126200,8924,6170,1318172
fazla_kadro,20276748,35,4,1,2,12,9,3,15,85990,8486,6191,918912
fazla_kadro,20276748,36,4,1,2,9,8,1,17,105690,6999,6293,990931
fazla_kadro,20276748,37,4,1,2,10,10,0,18,104860,5067,6177,1062088
fazla_kadro,20276748,38,4,1,2,7,5,2,12,98540,8070,6046,1131108
fazla_kadro,20276748,39,4,1,2,9,7,2,15,106600,6676,5823,1203848
fazla_kadro,20276748,40,4,1,2,9,8,1,16,118655,7212,5869,1284648
fazla_kadro,20276748,41,4,1,2,11,8,3,16,118000,7364,5713,1364751
fazla_kadro,20276748,42,4,1,2,10,9,1,20,158870,8356,6101,1008824
fazla_kadro,20276748,43,4,1,2,12,8,4,13,87820,6925,5827,1069018
fazla_kadro,20276748,44,4,1,2,8,7,1,12,90800,8626,5683,1131133
fazla_kadro,20276748,45,4,1,2,9,7,2,15,99520,8073,5775,1199110
fazla_kadro,20276748,46,4,1,2,7,6,1,12,80350,7042,5530,1253856
fazla_kadro,20276748,47,4,1,2,10,10,0,17,109630,8957,5735,1328686
fazla_kadro,20276748,48,4,1,2,13,12,1,20,112050,7358,5803,1404543
fazla_kadro,20276748,49,4,1,2,9,8,1,21,163620,8285,6113,1046906
fazla_kadro,20276748,50,4,1,2,10,9,1,15,85815,6392,5826,1105202
fazla_kadro,20276748,51,4,1,2,9,7,2,13,90350,4761,5110,1166593
fazla_kadro,20276748,52,4,1,2,9,9,0,16,83910,8637,5413,1223825
fazla_kadro,20276748,53,4,1,2,8,8,0,17,113405,6387,5347,1301164
fazla_kadro,20276748,54,4,1,2,10,10,0,17,95450,8292,5526,1366467
fazla_kadro,20276748,55,4,1,2,12,11,1,20,106025,5603,5358,1438299
fazla_kadro,20276748,56,4,1,2,7,5,2,15,79150,9218,5448,1016103
fazla_kadro,20276748,57,4,1,2,7,6,1,15,81750,8039,5566,1071415
fazla_kadro,20276748,58,4,1,2,7,7,0,17,93650,6518,5669,1134350
fazla_kadro,20276748,59,4,1,2,7,7,0,17,83120,9302,5964,1190966
fazla_kadro,20276748,60,4,1,2,9,6,3,12,59950,7279,5646,1231182
fazla_kadro,20284667,1,4,1,2,6,6,0,13,82050,9482,3363,855800
fazla_kadro,20284667,2,4,1,2,4,4,0,13,75000,9918,3800,906777
fazla_kadro,20284667,3,4,1,2,4,3,1,11,78450,9890,4155,960205
fazla_kadro,20284667,4,4,1,2,7,6,1,14,88925,8497,4151,1021489
fazla_kadro,20284667,5,4,1,2,7,5,2,12,58830,9871,4345,1061837
fazla_kadro,20284667,6,4,1,2,12,11,1,17,91580,7846,4505,1124143
fazla_kadro,20284667,7,4,1,2,7,6,1,15,85450,9891,4687,746825
fazla_kadro,20284667,8,4,1,2,8,5,3,11,73800,8752,4765,797021
fazla_kadro,20284667,9,4,1,2,7,7,0,16,86890,9133,5091,855757
fazla_kadro,20284667,10,4,1,2,8,7,1,14,85600,8890,5327,913883
fazla_kadro,20284667,11,4,1,2,9,9,0,17,90080,6764,5396,975211
fazla_kadro,20284667,12,4,1,2,8,7,1,16,80925,7919,5527,1030776
fazla_kadro,20284667,13,4,1,2,9,7,2,14,83100,7094,4763,1087014
fazla_kadro,20284667,14,4,1,2,9,6,3,12,64335,8655,4512,689345
fazla_kadro,20284667,15,4,1,2,5,3,2,11,71990,9880,4763,740257
fazla_kadro,20284667,16,4,1,2,6,6,0,16,113300,8032,5058,816743
fazla_kadro,20284667,17,4,1,2,9,9,0,16,96565,6578,5151,882660
fazla_kadro,20284667,18,4,1,2,9,8,1,15,86220,5726,4998,941559
fazla_kadro,20284667,19,4,1,2,7,7,0,16,79845,9877,5346,996196
fazla_kadro,20284667,20,4,1,2,10,8,2,19,118850,9732,5832,1076850
fazla_kadro,20284667,21,4,1,2,9,7,2,18,99600,6601,5783,697178
fazla_kadro,20284667,22,4,1,2,11,10,1,16,85380,6741,5813,755286
fazla_kadro,20284667,23,4,1,2,8,8,0,17,103795,8498,5977,826122
fazla_kadro,20284667,24,4,1,2,11,10,1,17,89760,9002,6162,886629
fazla_kadro,20284667,25,4,1,2,10,7,3,13,78455,8615,6224,940102
fazla_kadro,20284667,26,4,1,2,11,11,0,18,91960,8275,6400,1003127
fazla_kadro,20284667,27,4,1,2,12,9,3,15,99250,6451,6074,1070566
fazla_kadro,20284667,28,4,1,2,10,8,2,17,96490,8155,5814,683936
fazla_kadro,20284667,29,4,1,2,8,8,0,17,121750,9221,6148,766746
fazla_kadro,20284667,30,4,1,2,9,7,2,14,108500,6592,5855,841320
fazla_kadro,20284667,31,4,1,2,7,7,0,17,104190,7505,5930,912230
fazla_kadro,20284667,32,4,1,2,8,7,1,12,87950,5030,5256,972279
fazla_kadro,20284667,33,4,1,2,10,8,2,12,57420,7893,4971,1011407
fazla_kadro,20284667,34,4,1,2,10,9,1,18,95750,7208,4727,1075948
fazla_kadro,20284667,35,4,1,2,9,7,2,15,102400,6523,4649,688621
fazla_kadro,20284667,36,4,1,2,6,4,2,10,75650,9164,4479,739958
fazla_kadro,20284667,37,4,1,2,9,9,0,15,75250,9770,4808,790873
fazla_kadro,20284667,38,4,1,2,10,9,1,14,77150,5419,4704,843192
fazla_kadro,20284667,39,4,1,2,7,5,2,10,80650,8979,4623,897923
fazla_kadro,20284667,40,4,1,2,8,8,0,15,72730,8175,4890,947976
fazla_kadro,20284667,41,4,1,2,10,9,1,17,76460,8225,5405,999843
fazla_kadro,20284667,42,4,1,2,7,5,2,14,78950,8471,5234,589396
fazla_kadro,20284667,43,4,1,2,8,6,2,13,69700,8458,5394,636676
fazla_kadro,20284667,44,4,1,2,7,3,4,9,78910,4408,4630,691357
fazla_kadro,20284667,45,4,1,2,4,3,1,12,71150,7228,4685,739464
fazla_kadro,20284667,46,4,1,2,5,5,0,15,103815,9867,5139,810966
fazla_kadro,20284667,47,4,1,2,7,7,0,16,88200,6906,5174,870842
fazla_kadro,20284667,48,4,1,2,8,5,3,14,85350,4924,4011,929096
fazla_kadro,20284667,49,4,1,2,12,11,1,17,88330,8160,4178,519720
fazla_kadro,20284667,50,4,1,2,9,9,0,15,96030,9200,4489,585187
fazla_kadro,20284667,51,4,1,2,5,4,1,14,83390,8254,4834,642659
fazla_kadro,20284667,52,4,1,2,9,9,0,16,97580,6861,5061,709123
fazla_kadro,20284667,53,4,1,2,6,6,0,16,130500,7273,5162,798536
fazla_kadro,20284667,54,4,1,2,7,4,3,12,85100,9162,5260,856620
fazla_kadro,20284667,55,4,1,2,6,4,2,15,90375,5925,4587,918277
fazla_kadro,20284667,56,4,1,2,4,4,0,19,83900,2563,2986,498556
fazla_kadro,20284667,57,4,1,2,6,5,1,11,56700,9858,3249,536882
fazla_kadro,20284667,58,4,1,2,6,6,0,13,78950,8562,3545,590519
fazla_kadro,20284667,59,4,1,2,8,8,0,14,75870,9046,3837,642342
fazla_kadro,20284667,60,4,1,2,9,9,0,14,87650,8839,4112,701655
fazla_kadro,20292586,1,4,1,2,6,6,0,13,53290,9878,3511,836380
fazla_kadro,20292586,2,4,1,2,9,9,0,14,74850,7793,3584,887212
fazla_kadro,20292586,3,4,1,2,8,8,0,14,72470,9850,3975,936831
fazla_kadro,20292586,4,4,1,2,8,8,0,14,96100,7425,4103,1002722
fazla_kadro,20292586,5,4,1,2,7,7,0,15,74690,6580,4074,1053569
fazla_kadro,20292586,6,4,1,2,10,9,1,17,76950,8432,4543,1105652
fazla_kadro,20292586,7,4,1,2,7,5,2,16,69200,6017,4427,716085
fazla_kadro,20292586,8,4,1,2,9,9,0,15,70145,7246,4716,763642
fazla_kadro,20292586,9,4,1,2,9,9,0,16,80850,6932,4857,818471
fazla_kadro,20292586,10,4,1,2,10,8,2,13,75500,8957,4963,869585
fazla_kadro,20292586,11,4,1,2,8,7,1,14,71450,5333,4696,918111
fazla_kadro,20292586,12,4,1,2,8,8,0,16,75745,9011,5007,969463
fazla_kadro,20292586,13,4,1,2,11,9,2,18,106945,8502,5226,1042059
fazla_kadro,20292586,14,4,1,2,8,7,1,19,106175,8306,5409,672927
fazla_kadro,20292586,15,4,1,2,9,7,2,14,78100,7412,5233,725996
fazla_kadro,20292586,16,4,1,2,7,6,1,14,71100,7503,5308,773828
fazla_kadro,20292586,17,4,1,2,6,4,2,13,65405,8291,5451,818006
fazla_kadro,20292586,18,4,1,2,8,8,0,17,103550,6467,5310,887944
fazla_kadro,20292586,19,4,1,2,8,7,1,15,96700,8616,5519,953373
fazla_kadro,20292586,20,4,1,2,12,9,3,17,119800,4066,4540,1035008
fazla_kadro,20292586,21,4,1,2,12,9,3,16,91985,8643,4688,650843
fazla_kadro,20292586,22,4,1,2,9,9,0,16,85620,9039,4911,709433
fazla_kadro,20292586,23,4,1,2,9,8,1,14,96150,6186,4861,774902
fazla_kadro,20292586,24,4,1,2,8,7,1,15,98570,7593,4978,843058
fazla_kadro,20292586,25,4,1,2,7,6,1,15,93090,7110,5262,906587
fazla_kadro,20292586,26,4,1,2,8,6,2,13,105325,7148,4389,979858
fazla_kadro,20292586,27,4,1,2,7,5,2,10,59195,7992,3853,1020391
fazla_kadro,20292586,28,4,1,2,8,7,1,17,106850,9480,4318,640357
fazla_kadro,20292586,29,4,1,2,7,7,0,15,77115,9217,4718,692442
fazla_kadro,20292586,30,4,1,2,8,6,2,12,96320,6761,4584,759639
fazla_kadro,20292586,31,4,1,2,6,4,2,11,99350,5961,4296,827071
fazla_kadro,20292586,32,4,1,2,7,7,0,15,88050,8386,4557,886323
fazla_kadro,20292586,33,4,1,2,5,5,0,15,92350,9031,4887,948516
fazla_kadro,20292586,34,4,1,2,11,8,3,16,87345,4933,4177,1007941
fazla_kadro,20292586,35,4,1,2,8,8,0,18,112410,8207,4547,626468
fazla_kadro,20292586,36,4,1,2,10,9,1,14,70595,9015,4867,674488
fazla_kadro,20292586,37,4,1,2,7,6,1,14,77400,8670,5092,726772
fazla_kadro,20292586,38,4,1,2,6,6,0,16,74650,8920,5344,777210
fazla_kadro,20292586,39,4,1,2,7,6,1,16,88800,7417,5482,837500
fazla_kadro,20292586,40,4,1,2,10,9,1,15,84960,6893,5534,896024
fazla_kadro,20292586,41,4,1,2,11,8,3,16,109400,5868,5413,970085
fazla_kadro,20292586,42,4,1,2,11,10,1,20,142225,6376,5411,602955
fazla_kadro,20292586,43,4,1,2,7,7,0,17,97285,8300,5753,669053
fazla_kadro,20292586,44,4,1,2,8,8,0,17,109200,8585,5965,743298
fazla_kadro,20292586,45,4,1,2,11,10,1,17,103505,7834,6089,813738
fazla_kadro,20292586,46,4,1,2,11,10,1,16,73050,7806,6074,863060
fazla_kadro,20292586,47,4,1,2,7,5,2,13,127220,6837,5739,951796
fazla_kadro,20292586,48,4,1,2,12,11,1,19,92850,6041,4690,1014578
fazla_kadro,20292586,49,4,1,2,12,9,3,15,103050,7291,4377,614362
fazla_kadro,20292586,50,4,1,2,6,6,0,15,71810,8685,4685,662742
fazla_kadro,20292586,51,4,1,2,10,8,2,11,53645,6167,4259,699102
fazla_kadro,20292586,52,4,1,2,8,7,1,12,80150,6745,4330,753557
fazla_kadro,20292586,53,4,1,2,4,3,1,10,46600,8458,4369,785165
fazla_kadro,20292586,54,4,1,2,5,4,1,13,116470,8575,4654,866040
fazla_kadro,20292586,55,4,1,2,6,6,0,19,121550,5669,4510,948687
fazla_kadro,20292586,56,4,1,2,11,9,2,13,90840,6247,4048,535189
fazla_kadro,20292586,57,4,1,2,9,7,2,9,76800,6410,3648,587804
fazla_kadro,20292586,58,4,1,2,7,7,0,14,85925,9437,4047,646635
fazla_kadro,20292586,59,4,1,2,5,5,0,14,67050,5430,3462,691918
fazla_kadro,20292586,60,4,1,2,5,4,1,12,57280,9488,3714,731123
fazla_kadro,20300505,1,4,1,2,5,5,0,13,54850,5971,2951,836891
fazla_kadro,20300505,2,4,1,2,6,5,1,12,55000,6455,2945,874100
fazla_kadro,20300505,3,4,1,2,7,6,1,12,71350,8335,3110,922342
fazla_kadro,20300505,4,4,1,2,8,8,0,13,75200,5222,2984,973128
fazla_kadro,20300505,5,4,1,2,8,6,2,10,46915,8962,2969,1005159
fazla_kadro,20300505,6,4,1,2,9,8,1,14,85850,6602,2744,1063308
fazla_kadro,20300505,7,4,1,2,10,9,1,13,80100,5776,2589,681237
fazla_kadro,20300505,8,4,1,2,6,6,0,12,67200,9005,2828,726699
fazla_kadro,20300505,9,4,1,2,8,7,1,11,63950,8605,3360,770148
fazla_kadro,20300505,10,4,1,2,6,6,0,13,58850,7747,3491,809771
fazla_kadro,20300505,11,4,1,2,7,5,2,10,42405,8333,3471,838392
fazla_kadro,20300505,12,4,1,2,6,2,4,6,33750,9909,3181,861397
fazla_kadro,20300505,13,4,1,2,5,5,0,16,73900,5717,3028,911377
fazla_kadro,20300505,14,4,1,2,7,7,0,16,96950,9747,3680,535217
fazla_kadro,20300505,15,4,1,2,7,6,1,13,61250,9827,4127,576426
fazla_kadro,20300505,16,4,1,2,6,6,0,15,76390,9663,4694,628594
fazla_kadro,20300505,17,4,1,2,7,7,0,16,111150,6037,4590,703701
fazla_kadro,20300505,18,4,1,2,7,6,1,13,81950,6822,4485,759550
fazla_kadro,20300505,19,4,1,2,8,7,1,14,78000,7596,4628,812325
fazla_kadro,20300505,20,4,1,2,10,10,0,19,114350,4897,4746,889723
fazla_kadro,20300505,21,4,1,2,9,9,0,19,103015,8393,5082,513408
fazla_kadro,20300505,22,4,1,2,9,6,3,12,89815,8417,5154,575952
fazla_kadro,20300505,23,4,1,2,8,8,0,16,81655,9205,5440,631159
fazla_kadro,20300505,24,4,1,2,9,9,0,17,91335,9077,5648,693206
fazla_kadro,20300505,25,4,1,2,8,8,0,17,94085,8168,5791,756873
fazla_kadro,20300505,26,4,1,2,9,9,0,17,100550,9660,6068,825177
fazla_kadro,20300505,27,4,1,2,12,9,3,16,103170,6159,5883,896143
fazla_kadro,20300505,28,4,1,2,11,9,2,16,92410,7664,6035,507164
fazla_kadro,20300505,29,4,1,2,10,10,0,18,96150,8371,6186,572187
fazla_kadro,20300505,30,4,1,2,12,10,2,15,110650,5993,6008,647122
fazla_kadro,20300505,31,4,1,2,9,6,3,11,81730,8331,5756,702957
fazla_kadro,20300505,32,4,1,2,7,6,1,16,102875,9800,6122,774519
fazla_kadro,20300505,33,4,1,2,9,8,1,16,88850,6165,5936,834595
fazla_kadro,20300505,34,4,1,2,9,7,2,19,96240,7854,6031,900412
fazla_kadro,20300505,35,4,1,2,13,11,2,19,121590,8399,6180,525209
fazla_kadro,20300505,36,4,1,2,8,8,0,18,108450,8185,6372,598821
fazla_kadro,20300505,37,4,1,2,10,7,3,12,72600,7052,5958,648405
fazla_kadro,20300505,38,4,1,2,7,7,0,18,114350,6050,5861,726301
fazla_kadro,20300505,39,4,1,2,8,8,0,17,100250,5625,5868,794077
fazla_kadro,20300505,40,4,1,2,10,9,1,15,76250,9117,6226,845936
fazla_kadro,20300505,41,4,1,2,9,7,2,17,88980,7307,6276,906552
fazla_kadro,20300505,42,4,1,2,11,7,4,17,117480,7049,6196,522982
fazla_kadro,20300505,43,4,1,2,7,5,2,14,93230,8366,5645,587407
fazla_kadro,20300505,44,4,1,2,9,7,2,14,73280,7272,5694,637065
fazla_kadro,20300505,45,4,1,2,8,7,1,16,115415,6951,5735,716639
fazla_kadro,20300505,46,4,1,2,10,8,2,14,87330,7483,5787,776895
fazla_kadro,20300505,47,4,1,2,9,8,1,16,121680,7700,5934,859984
fazla_kadro,20300505,48,4,1,2,9,7,2,19,111400,6193,5704,936250
fazla_kadro,20300505,49,4,1,2,10,8,2,19,123200,6676,5663,549586
fazla_kadro,20300505,50,4,1,2,10,9,1,14,85450,6889,5342,607587
fazla_kadro,20300505,51,4,1,2,11,8,3,13,111720,8815,5553,683928
fazla_kadro,20300505,52,4,1,2,10,6,4,13,88650,9026,5638,744503
fazla_kadro,20300505,53,4,1,2,11,9,2,13,99950,7034,5539,812820
fazla_kadro,20300505,54,4,1,2,7,7,0,17,111950,3554,4660,888615
fazla_kadro,20300505,55,4,1,2,10,8,2,15,111200,4412,4201,964471
fazla_kadro,20300505,56,4,1,2,11,8,3,13,75260,8496,4389,540176
fazla_kadro,20300505,57,4,1,2,9,8,1,14,96980,7955,4534,606673
fazla_kadro,20300505,58,4,1,2,7,6,1,14,78850,7753,4646,659650
fazla_kadro,20300505,59,4,1,2,7,7,0,15,93250,7223,4745,722843
fazla_kadro,20300505,60,4,1,2,7,6,1,14,97850,9178,4978,789237
fazla_kadro,20308424,1,4,1,2,7,7,0,13,75900,9702,3504,851558
fazla_kadro,20308424,2,4,1,2,8,7,1,13,73900,9333,3757,901920
fazla_kadro,20308424,3,4,1,2,6,6,0,14,74630,9883,4414,952380
fazla_kadro,20308424,4,4,1,2,11,11,0,15,68470,9589,4679,998771
fazla_kadro,20308424,5,4,1,2,9,9,0,15,95550,6471,4593,1063860
fazla_kadro,20308424,6,4,1,2,5,4,1,18,83660,9297,5159,1122408
fazla_kadro,20308424,7,4,1,2,11,10,1,19,101150,7426,5230,754497
fazla_kadro,20308424,8,4,1,2,10,10,0,16,75700,6779,5174,805811
fazla_kadro,20308424,9,4,1,2,7,5,2,12,64590,8625,5131,850274
fazla_kadro,20308424,10,4,1,2,5,5,0,16,88115,9874,5637,910799
fazla_kadro,20308424,11,4,1,2,7,6,1,15,74320,9105,5834,961406
fazla_kadro,20308424,12,4,1,2,7,7,0,17,102400,5900,5818,1030748
fazla_kadro,20308424,13,4,1,2,10,8,2,19,92050,6832,5724,1092898
fazla_kadro,20308424,14,4,1,2,10,10,0,21,108485,9690,6208,724859
fazla_kadro,20308424,15,4,1,2,8,7,1,15,78850,8042,6007,778167
fazla_kadro,20308424,16,4,1,2,8,8,0,18,98665,7163,6117,845021
fazla_kadro,20308424,17,4,1,2,11,10,1,17,108900,5905,6050,918651
fazla_kadro,20308424,18,4,1,2,8,6,2,13,87650,8685,6127,978975
fazla_kadro,20308424,19,4,1,2,10,10,0,18,92650,7750,6171,1041659
fazla_kadro,20308424,20,4,1,2,12,8,4,16,101845,5515,5652,1110685
fazla_kadro,20308424,21,4,1,2,13,12,1,19,103955,8554,5840,733968
fazla_kadro,20308424,22,4,1,2,12,10,2,15,96450,8194,6030,799009
fazla_kadro,20308424,23,4,1,2,10,10,0,18,107050,5519,5824,871361
fazla_kadro,20308424,24,4,1,2,8,6,2,15,101200,6772,5817,939904
fazla_kadro,20308424,25,4,1,2,6,5,1,15,99900,8380,6019,1007608
fazla_kadro,20308424,26,4,1,2,11,9,2,14,77105,6752,5938,1060091
fazla_kadro,20308424,27,4,1,2,7,6,1,20,117505,8866,6273,1139985
fazla_kadro,20308424,28,4,1,2,10,9,1,18,127010,7131,6097,774582
fazla_kadro,20308424,29,4,1,2,7,7,0,18,88550,7982,6337,834427
fazla_kadro,20308424,30,4,1,2,7,5,2,14,85050,8544,6559,892071
fazla_kadro,20308424,31,4,1,2,10,8,2,15,88800,5716,6096,952085
fazla_kadro,20308424,32,4,1,2,8,7,1,17,109880,5940,5958,1027766
fazla_kadro,20308424,33,4,1,2,9,9,0,18,105300,6788,6060,1098657
fazla_kadro,20308424,34,4,1,2,7,5,2,16,122950,7384,6104,1183073
fazla_kadro,20308424,35,4,1,2,11,8,3,17,135505,5723,5589,817074
fazla_kadro,20308424,36,4,1,2,10,9,1,15,108580,8816,5732,891247
fazla_kadro,20308424,37,4,1,2,7,6,1,14,84120,9169,6047,949880
fazla_kadro,20308424,38,4,1,2,8,7,1,16,93940,9018,6268,1013637
fazla_kadro,20308424,39,4,1,2,9,8,1,17,101000,8424,6406,1082519
fazla_kadro,20308424,40,4,1,2,9,6,3,14,102600,5965,6317,1154205
fazla_kadro,20308424,41,4,1,2,13,11,2,17,99400,8241,6205,1221675
fazla_kadro,20308424,42,4,1,2,14,13,1,21,143800,6590,6087,855395
fazla_kadro,20308424,43,4,1,2,10,9,1,17,131980,6109,5968,946591
fazla_kadro,20308424,44,4,1,2,7,7,0,18,103150,8777,6228,1016309
fazla_kadro,20308424,45,4,1,2,7,7,0,18,106800,5066,5956,1088883
fazla_kadro,20308424,46,4,1,2,10,8,2,14,71875,9359,5974,1138206
fazla_kadro,20308424,47,4,1,2,9,6,3,11,57360,9388,5937,1177329
fazla_kadro,20308424,48,4,1,2,10,8,2,16,103250,6594,5633,1247702
fazla_kadro,20308424,49,4,1,2,10,8,2,13,89000,6126,5124,838168
fazla_kadro,20308424,50,4,1,2,6,6,0,16,73300,9614,5602,887564
fazla_kadro,20308424,51,4,1,2,7,6,1,16,103200,9269,5955,957823
fazla_kadro,20308424,52,4,1,2,8,4,4,7,53150,6779,5046,993900
fazla_kadro,20308424,53,4,1,2,8,7,1,14,75645,9385,5235,1045774
fazla_kadro,20308424,54,4,1,2,6,4,2,14,79530,8477,5517,1101782
fazla_kadro,20308424,55,4,1,2,10,6,4,14,69120,8039,5523,1148745
fazla_kadro,20308424,56,4,1,2,10,6,4,13,85900,4993,4816,731466
fazla_kadro,20308424,57,4,1,2,8,7,1,14,76995,9152,5024,784925
fazla_kadro,20308424,58,4,1,2,10,8,2,13,76670,6944,4727,836961
fazla_kadro,20308424,59,4,1,2,8,7,1,15,83650,4047,4201,893849
fazla_kadro,20308424,60,4,1,2,9,9,0,15,81600,9488,4548,949025
fazla_kadro,20316343,1,4,1,2,8,6,2,10,43850,8938,3113,829703
fazla_kadro,20316343,2,4,1,2,7,5,2,11,62400,9891,3392,872974
fazla_kadro,20316343,3,4,1,2,6,5,1,10,44480,9366,3446,903625
fazla_kadro,20316343,4,4,1,2,7,7,0,14,84985,8462,3722,961815
fazla_kadro,20316343,5,4,1,2,8,8,0,14,68755,8311,3929,1008833
fazla_kadro,20316343,6,4,1,2,8,6,2,14,74180,4974,3452,1059170
fazla_kadro,20316343,7,4,1,2,7,7,0,17,87095,9517,4048,682159
fazla_kadro,20316343,8,4,1,2,8,7,1,13,71050,7288,4131,730359
fazla_kadro,20316343,9,4,1,2,8,8,0,15,67460,8665,4364,776118
fazla_kadro,20316343,10,4,1,2,5,5,0,15,66195,8825,4809,821331
fazla_kadro,20316343,11,4,1,2,8,8,0,16,91350,8201,5024,883250
fazla_kadro,20316343,12,4,1,2,11,10,1,14,65880,8831,5295,928151
fazla_kadro,20316343,13,4,1,2,13,10,3,16,89800,6370,4923,989047
fazla_kadro,20316343,14,4,1,2,14,12,2,17,82180,8537,5048,603332
fazla_kadro,20316343,15,4,1,2,7,6,1,15,96250,8729,5254,668812
fazla_kadro,20316343,16,4,1,2,7,7,0,16,81590,7856,5429,725044
fazla_kadro,20316343,17,4,1,2,11,10,1,16,123320,7735,5538,809304
fazla_kadro,20316343,18,4,1,2,10,8,2,14,113360,2303,4869,886168
fazla_kadro,20316343,19,4,1,2,9,8,1,15,77030,7563,4963,938154
fazla_kadro,20316343,20,4,1,2,8,6,2,16,99090,9274,5149,1006156
fazla_kadro,20316343,21,4,1,2,9,7,2,17,101950,8511,5382,627654
fazla_kadro,20316343,22,4,1,2,11,11,0,17,92545,9439,5604,690480
fazla_kadro,20316343,23,4,1,2,6,4,2,11,68900,5361,4845,737311
fazla_kadro,20316343,24,4,1,2,8,7,1,14,82800,9296,5096,793197
fazla_kadro,20316343,25,4,1,2,7,7,0,16,110570,9358,5473,869520
fazla_kadro,20316343,26,4,1,2,9,9,0,17,74500,8744,5716,920281
fazla_kadro,20316343,27,4,1,2,12,11,1,19,136600,6755,5669,1013742
fazla_kadro,20316343,28,4,1,2,9,7,2,16,121900,8419,5492,644469
fazla_kadro,20316343,29,4,1,2,8,8,0,17,86105,7237,5633,702499
fazla_kadro,20316343,30,4,1,2,9,8,1,15,116600,5395,5423,781350
fazla_kadro,20316343,31,4,1,2,8,8,0,17,81150,7483,5528,835961
fazla_kadro,20316343,32,4,1,2,10,10,0,17,88250,7168,5604,895815
fazla_kadro,20316343,33,4,1,2,11,10,1,16,101140,9066,5926,965029
fazla_kadro,20316343,34,4,1,2,15,10,5,15,100500,6762,5417,1033461
fazla_kadro,20316343,35,4,1,2,10,9,1,18,116600,6315,5319,654387
fazla_kadro,20316343,36,4,1,2,8,7,1,15,80800,9806,5538,709205
fazla_kadro,20316343,37,4,1,2,9,7,2,13,81750,8170,5538,764876
fazla_kadro,20316343,38,4,1,2,7,6,1,16,95850,7664,5387,829751
fazla_kadro,20316343,39,4,1,2,7,5,2,13,100830,8348,5486,898989
fazla_kadro,20316343,40,4,1,2,12,12,0,17,92050,7845,5604,961442
fazla_kadro,20316343,41,4,1,2,10,10,0,21,121140,6902,5512,1043528
fazla_kadro,20316343,42,4,1,2,13,10,3,17,104620,7698,5472,650642
fazla_kadro,20316343,43,4,1,2,7,7,0,17,74000,8128,5705,700528
fazla_kadro,20316343,44,4,1,2,10,10,0,17,111740,8065,5816,777565
fazla_kadro,20316343,45,4,1,2,10,8,2,12,86150,9338,5742,836025
fazla_kadro,20316343,46,4,1,2,8,7,1,16,89100,8589,5923,896551
fazla_kadro,20316343,47,4,1,2,7,5,2,13,84800,8617,5977,954198
fazla_kadro,20316343,48,4,1,2,10,7,3,18,115650,8121,6071,1032358
fazla_kadro,20316343,49,4,1,2,10,8,2,20,107750,5454,5649,635244
fazla_kadro,20316343,50,4,1,2,7,7,0,17,101630,8216,5827,704348
fazla_kadro,20316343,51,4,1,2,8,6,2,13,63750,7230,5647,747452
fazla_kadro,20316343,52,4,1,2,8,7,1,16,77950,8677,5849,800207
fazla_kadro,20316343,53,4,1,2,7,6,1,16,107600,8486,6080,875506
fazla_kadro,20316343,54,4,1,2,9,5,4,11,59980,8056,5909,916587
fazla_kadro,20316343,55,4,1,2,13,9,4,17,96050,7309,5866,981626
fazla_kadro,20316343,56,4,1,2,11,7,4,16,93650,7475,5626,568870
fazla_kadro,20316343,57,4,1,2,8,8,0,17,120370,8699,5876,651637
fazla_kadro,20316343,58,4,1,2,6,5,1,15,90910,8550,6071,714443
fazla_kadro,20316343,59,4,1,2,9,6,3,13,94500,3030,5293,780098
fazla_kadro,20316343,60,4,1,2,7,7,0,16,103925,7999,5560,851623
fazla_kadro,20324262,1,4,1,2,7,7,0,13,59400,8582,3149,840260
fazla_kadro,20324262,2,4,1,2,7,7,0,13,61800,8350,3476,881943
fazla_kadro,20324262,3,4,1,2,8,7,1,13,55700,6863,2698,919635
fazla_kadro,20324262,4,4,1,2,4,4,0,12,61590,9057,3052,961871
fazla_kadro,20324262,5,4,1,2,6,6,0,13,63950,8955,3360,1005544
fazla_kadro,20324262,6,4,1,2,8,6,2,14,75450,9056,3657,1056474
fazla_kadro,20324262,7,4,1,2,6,5,1,16,64760,9538,4154,665059
fazla_kadro,20324262,8,4,1,2,7,7,0,15,64265,6956,4217,708729
fazla_kadro,20324262,9,4,1,2,8,8,0,15,67010,7416,4287,754166
fazla_kadro,20324262,10,4,1,2,6,6,0,15,66450,9373,4650,799499
fazla_kadro,20324262,11,4,1,2,9,9,0,15,68635,8358,4843,846277
fazla_kadro,20324262,12,4,1,2,8,7,1,13,59950,9333,4940,887064
fazla_kadro,20324262,13,4,1,2,8,8,0,20,96250,7612,5120,952045
fazla_kadro,20324262,14,4,1,2,9,5,4,12,61900,5810,4250,552378
fazla_kadro,20324262,15,4,1,2,6,5,1,14,83550,9173,4684,609028
fazla_kadro,20324262,16,4,1,2,9,9,0,15,76430,9263,4972,660970
fazla_kadro,20324262,17,4,1,2,8,8,0,16,80090,8844,5199,715801
fazla_kadro,20324262,18,4,1,2,7,5,2,13,98100,5294,4835,782621
fazla_kadro,20324262,19,4,1,2,8,6,2,11,74550,9327,4821,833247
fazla_kadro,20324262,20,4,1,2,8,6,2,15,102480,8493,4948,905116
fazla_kadro,20324262,21,4,1,2,14,12,2,18,100650,6846,4996,526214
fazla_kadro,20324262,22,4,1,2,10,8,2,14,80210,5373,4822,580723
fazla_kadro,20324262,23,4,1,2,8,8,0,16,92790,9823,5321,644350
fazla_kadro,20324262,24,4,1,2,8,7,1,16,62800,9291,5585,686553
fazla_kadro,20324262,25,4,1,2,8,8,0,17,76620,8805,5836,738594
fazla_kadro,20324262,26,4,1,2,10,10,0,17,102350,6820,5866,807958
fazla_kadro,20324262,27,4,1,2,13,10,3,19,100250,8482,5958,875748
fazla_kadro,20324262,28,4,1,2,9,8,1,20,114290,7755,6334,501188
fazla_kadro,20324262,29,4,1,2,9,6,3,11,67250,8362,6077,546695
fazla_kadro,20324262,30,4,1,2,9,9,0,18,113050,5069,5678,623522
fazla_kadro,20324262,31,4,1,2,8,5,3,11,77900,6820,5234,676742
fazla_kadro,20324262,32,4,1,2,11,10,1,15,91590,8216,5372,739300
fazla_kadro,20324262,33,4,1,2,7,6,1,15,79035,8413,5679,792630
fazla_kadro,20324262,34,4,1,2,12,8,4,13,70005,6268,5018,840120
fazla_kadro,20324262,35,4,1,2,10,9,1,18,89400,5545,4744,442407
fazla_kadro,20324262,36,4,1,2,6,5,1,10,85200,9887,4581,500769
fazla_kadro,20324262,37,4,1,2,8,8,0,15,94755,8063,4809,565364
fazla_kadro,20324262,38,4,1,2,6,4,2,12,73950,9153,4972,615183
fazla_kadro,20324262,39,4,1,2,8,8,0,16,94860,4660,4687,680065
fazla_kadro,20324262,40,4,1,2,8,7,1,13,90810,7561,4339,742196
fazla_kadro,20324262,41,4,1,2,7,7,0,19,129500,7513,4514,830051
fazla_kadro,20324262,42,4,1,2,11,10,1,18,89820,8786,4839,426964
fazla_kadro,20324262,43,4,1,2,10,10,0,16,93000,8599,5099,489662
fazla_kadro,20324262,44,4,1,2,7,7,0,16,71450,9245,5411,537870
fazla_kadro,20324262,45,4,1,2,11,11,0,17,81940,8713,5626,593269
fazla_kadro,20324262,46,4,1,2,9,7,2,12,98485,6682,5353,661335
fazla_kadro,20324262,47,4,1,2,9,7,2,12,76250,9154,5373,713542
fazla_kadro,20324262,48,4,1,2,12,9,3,14,93360,8122,5128,777393
fazla_kadro,20324262,49,4,1,2,11,7,4,14,92550,7381,4299,370373
fazla_kadro,20324262,50,4,1,2,7,7,0,15,99470,9428,4637,438881
fazla_kadro,20324262,51,4,1,2,7,7,0,15,79800,9855,5009,492726
fazla_kadro,20324262,52,4,1,2,10,10,0,16,89150,8072,5176,552879
fazla_kadro,20324262,53,4,1,2,5,4,1,15,68275,9642,5541,599518
fazla_kadro,20324262,54,4,1,2,7,6,1,16,105200,8335,5735,672438
fazla_kadro,20324262,55,4,1,2,10,9,1,20,146420,7478,5839,771860
fazla_kadro,20324262,56,4,1,2,9,6,3,15,82700,7264,5183,351888
fazla_kadro,20324262,57,4,1,2,9,7,2,13,118450,6280,4200,433177
fazla_kadro,20324262,58,4,1,2,10,8,2,13,79400,6774,4258,486794
fazla_kadro,20324262,59,4,1,2,8,7,1,13,73500,8488,4461,536691
fazla_kadro,20324262,60,4,1,2,6,4,2,11,50700,9892,4639,571072
fazla_kadro,20332181,1,4,1,2,6,6,0,13,72450,9875,3507,848982
fazla_kadro,20332181,2,4,1,2,5,5,0,14,68100,3225,2615,894891
fazla_kadro,20332181,3,4,1,2,6,6,0,12,75950,9865,2972,946412
fazla_kadro,20332181,4,4,1,2,8,7,1,12,62950,7468,3002,989138
fazla_kadro,20332181,5,4,1,2,2,2,0,13,89600,4574,2565,1049922
fazla_kadro,20332181,6,4,1,2,9,8,1,14,83915,9484,2975,1108231
fazla_kadro,20332181,7,4,1,2,8,8,0,16,85820,7461,3196,730453
fazla_kadro,20332181,8,4,1,2,6,6,0,13,72400,9861,3564,779569
fazla_kadro,20332181,9,4,1,2,8,8,0,14,58830,8682,3852,819526
fazla_kadro,20332181,10,4,1,2,7,7,0,14,57705,8253,4110,859276
fazla_kadro,20332181,11,4,1,2,7,7,0,15,72000,7570,4300,907809
fazla_kadro,20332181,12,4,1,2,6,4,2,13,93090,9861,4546,971959
fazla_kadro,20332181,13,4,1,2,8,6,2,16,110750,2749,3678,1047404
fazla_kadro,20332181,14,4,1,2,9,9,0,17,76650,8055,4234,657584
fazla_kadro,20332181,15,4,1,2,8,8,0,15,71750,7433,4378,706145
fazla_kadro,20332181,16,4,1,2,7,6,1,13,63900,9078,4607,749481
fazla_kadro,20332181,17,4,1,2,9,9,0,15,83850,8795,4811,806059
fazla_kadro,20332181,18,4,1,2,8,7,1,14,93700,7728,4864,870011
fazla_kadro,20332181,19,4,1,2,7,6,1,12,83675,8867,4914,927052
fazla_kadro,20332181,20,4,1,2,12,12,0,20,124000,7412,5176,1010949
fazla_kadro,20332181,21,4,1,2,10,7,3,16,98050,6281,4756,630308
fazla_kadro,20332181,22,4,1,2,9,7,2,13,81050,8812,4801,685142
fazla_kadro,20332181,23,4,1,2,9,9,0,16,77300,8773,5012,737445
fazla_kadro,20332181,24,4,1,2,8,7,1,15,66150,8339,5155,783013
fazla_kadro,20332181,25,4,1,2,8,5,3,11,75920,7286,5076,835182
fazla_kadro,20332181,26,4,1,2,9,9,0,16,96570,7226,5141,901007
fazla_kadro,20332181,27,4,1,2,8,6,2,18,164700,5392,4792,1014988
fazla_kadro,20332181,28,4,1,2,11,6,5,10,64850,7043,3924,606746
fazla_kadro,20332181,29,4,1,2,9,9,0,14,80900,7999,4075,661337
fazla_kadro,20332181,30,4,1,2,8,8,0,15,72200,9168,4371,710281
fazla_kadro,20332181,31,4,1,2,9,9,0,15,94940,8065,4558,775334
fazla_kadro,20332181,32,4,1,2,10,9,1,14,100405,6454,4727,843936
fazla_kadro,20332181,33,4,1,2,7,4,3,11,98100,8131,4796,910921
fazla_kadro,20332181,34,4,1,2,11,8,3,15,85200,7240,4733,968980
fazla_kadro,20332181,35,4,1,2,12,10,2,16,97000,8128,4858,576885
fazla_kadro,20332181,36,4,1,2,8,8,0,16,86700,9457,5208,635712
fazla_kadro,20332181,37,4,1,2,9,7,2,12,66060,5270,4567,681060
fazla_kadro,20332181,38,4,1,2,8,8,0,15,85800,6815,4641,739315
fazla_kadro,20332181,39,4,1,2,9,8,1,13,69100,8351,4777,786650
fazla_kadro,20332181,40,4,1,2,9,8,1,15,109850,4682,4411,861232
fazla_kadro,20332181,41,4,1,2,8,7,1,16,99400,6557,4347,928813
fazla_kadro,20332181,42,4,1,2,10,8,2,16,102870,4424,3839,534883
fazla_kadro,20332181,43,4,1,2,7,7,0,14,106050,4224,3593,606926
fazla_kadro,20332181,44,4,1,2,8,8,0,14,68585,9586,3942,653342
fazla_kadro,20332181,45,4,1,2,5,5,0,14,89325,9206,4296,714941
fazla_kadro,20332181,46,4,1,2,6,5,1,12,79850,5757,4302,769403
fazla_kadro,20332181,47,4,1,2,8,6,2,13,100660,9089,4686,838169
fazla_kadro,20332181,48,4,1,2,10,10,0,19,123865,5938,4421,922183
fazla_kadro,20332181,49,4,1,2,10,7,3,15,102460,7888,4422,522228
fazla_kadro,20332181,50,4,1,2,6,6,0,15,79150,5884,4317,575797
fazla_kadro,20332181,51,4,1,2,7,7,0,15,83400,6582,4432,632117
fazla_kadro,20332181,52,4,1,2,6,6,0,15,88700,8889,4745,692351
fazla_kadro,20332181,53,4,1,2,9,7,2,11,83080,9007,4853,750010
fazla_kadro,20332181,54,4,1,2,11,11,0,16,89940,6812,5017,811265
fazla_kadro,20332181,55,4,1,2,10,10,0,20,103840,8994,5380,882181
fazla_kadro,20332181,56,4,1,2,13,13,0,21,114850,7111,5445,483550
fazla_kadro,20332181,57,4,1,2,5,4,1,13,71395,9897,5659,533334
fazla_kadro,20332181,58,4,1,2,8,6,2,14,78700,8062,5688,586468
fazla_kadro,20332181,59,4,1,2,9,9,0,17,81400,6811,5719,641775
fazla_kadro,20332181,60,4,1,2,9,9,0,17,92200,8797,6016,704235
